Strain,source,data,E_lm,B0_lm,E_ss,B0_ss,Tpk,Ed,B0,E
K_Adamberg_Streptococcus_salivarius_growth,growth,,-0.8931116127270528,-11.41330746684762,1.014818132798692,7.420706929376921e-6,48.30927279886676,3.32324101910511,-0.43734110136680876,1.014818132798692
K_Adamberg_Lactococcus_lactis_growth,growth,,-0.7581096792893248,-10.651270927282294,0.6496974892993036,3.137472783728902e-5,39.89511124123825,4.407772209810378,0.6064124120019525,0.6496974892993036
K_Adamberg_Lactobacillus_acidophilus_growth,growth,,-0.3778003109192164,-10.351649157138327,0.5054008373854083,2.0292079488226864e-5,45.35757518699658,5.443499176879834,0.290930906053972,0.5054008373854083
K_Adamberg_Lactobacillus_paracasei_growth,growth,,-0.8618932211588085,-11.809174972403321,0.9471658491435332,7.297746866309464e-6,34.771496269799066,2.082624031153093,-0.44943751100542645,0.9471658491435332
Bowman_1998_C_demingiae,growth,,-0.7268897218129572,-9.538069530031247,0.5815663540164007,6.46e-5,14.562901002285566,4.42095077988923,1.1292646970203797,0.5815663540164007
Bowman_1998_C_hornerae,growth,,-0.5110006533423994,-9.954964128312719,0.5200345661576989,4.95e-5,15.186967689933873,2.838625482162618,0.9365163586917147,0.5200345661576989
Bowman_1998_C_psychrerythraea,growth,,-0.42893895678548805,-9.764228658018725,0.47193983777565046,5.992027253221191e-5,15.91119117706639,4.778632491731284,1.0748232593354208,0.47193983777565046
Bowman_1998_C_psychrotropica,growth,,-0.4701428153155048,-9.490575152636264,0.463962861395277,7.708218803793631e-5,21.53364102242967,3.596590690292407,1.2571578699618469,0.463962861395277
 Bowman_Psychroflexus_torquis,growth,,-0.5257525969845233,-11.191449289733045,0.5837988580243152,1.5e-5,16.78911820618186,2.2797635950263224,0.07216439478826238,0.5837988580243152
Choma_B_cereus,growth,,-0.9172808484784484,-10.340343193170742,0.962621226470854,3.293387272574948e-5,34.0335996,1.9541969835799111,0.6415237213605934,0.962621226470854
corroler_1996_E_faecalis,growth,,-1.1909235172841086,-11.180695003678256,0.8318197512351675,2.3903090695354487e-5,40.42637986130883,2.668613355339929,0.40949897806506397,0.8318197512351675
Duffaud_1998_T_celer,growth,,0,0,0.7466431465974827,6.287838163649755e-7,87.92137736409593,2.7765390322094032,-2.2242493506940906,0.7466431465974827
Ferreiria_1997_AG3a,growth,,-0.6876426513353864,-11.555670752372242,0.7086040856073125,9.080860296325647e-6,51.54447824352713,3.6439814847791525,-0.29117750551221216,0.7086040856073125
Ferreiria_1997_Alt1,growth,,-0.4684002736748277,-10.74318144587555,0.4737618820731014,2.1339300361546548e-5,52.5375,4.8227213618662885,0.32736043902531187,0.4737618820731014
Flores_2008_Sulfurihydrogenibium_kristjanssoni,growth,,-0.6549244480440846,-13.625940775602848,0.5397335164982026,2.455489786743528e-6,73.0489,5.15097791709731,-1.2380031370476576,0.5397335164982026
Franzmann_1997_M_frigidum,growth,,-1.2882564286280858,-12.79707189255706,1.0834281408251336,2.5243768487931877e-6,14.642419162093702,3.645129562724872,-1.217972620544365,1.0834281408251336
Hallberg_1994_T_Caldus,growth,,0,0,0.4647455677637161,9.756544678853806e-6,51.03901657467577,5.87193950719978,-0.23921935793373147,0.4647455677637161
Harris_1984_FR4,growth,,-0.7031093444019292,-12.430574364768159,0.3420440116168495,2.2498800270471364e-5,59.87163951554512,7.8527785846388705,0.36566626122528084,0.3420440116168495
Kimble_1995_H_mobilis,growth,,0,0,1.3436255021006822,6.21477239760436e-7,40.21767835688448,5.506974740211288,-2.2327111491276086,1.3436255021006822
Kimble_1995_H_modesticaldum,growth,,-1.7273478746114894,-17.409212642472493,0.6306054008074042,2.7760237191544284e-6,54.831648224686056,9.615829463822672,-1.14917808179176,0.6306054008074042
Kotelnikova_1998_M_subterraneum,growth,,-0.3446009930415756,-11.260070651502557,0.42750412540182725,1.2356924729633387e-5,40.00684560155292,2.023587094605553,-0.06816334604307386,0.42750412540182725
Li1994_m_C_themoalcaliphilum,growth,,-1.297501692395046,-13.07348054996828,0.7966877703631472,1.4724548493580846e-5,51.82740925790398,6.741252995572647,0.0587464249683754,0.7966877703631472
Mannisto_2002_K104,growth,,-0.3809825029763317,-12.888572790847473,0.45057457103491133,2.389282441820949e-6,29.69943172440234,7.630330215009254,-1.2577912480894582,0.45057457103491133
Mannisto_2002_K112,growth,,-0.7857956151095146,-13.363259945937585,0.6787795458181002,1.8030505423333984e-6,27.82671796227512,2.592112947273477,-1.461595445513806,0.6787795458181002
Mannisto_2002_K13,growth,,-0.7510203386196976,-13.738331832595906,0.6502831092177752,1.2306663232478629e-6,29.71605725194329,4.389826436419007,-1.738093262258292,0.6502831092177752
Mannisto_2002_k44,growth,,-0.910598316722296,-13.962731756329054,1.1656163190553326,9.611237936776664e-7,20.956596358838517,1.8717626435426062,-1.9170617978377156,1.1656163190553326
Mannisto_2002_K6,growth,,-0.7155077663134307,-14.110539096003167,0.6658149856850675,8.505628346948454e-7,29.982119100384995,4.499992706516154,-2.0055332635571093,0.6658149856850675
Mannisto_2002_K8,growth,,-1.0601031040473499,-13.934754074884305,1.1940446737558668,1.035494461510475e-6,24.467071951452276,2.122694319279185,-1.8631042617046194,1.1940446737558668
Mannisto_2002_MT1,growth,,-0.3727699961763904,-13.36996121564657,0.40413927859997634,1.5656076902900622e-6,27.443618628931695,3.854896850323754,-1.563822871152321,0.40413927859997634
Melamud_et_al_2001_S_sibiricus,growth,,-0.613139789713103,-12.208582647625704,0.6709084865531972,3.877692859357853e-6,57.28310461184887,6.573451490690879,-0.9072156570655685,0.6709084865531972
Mickucki_2003,growth,,-1.0135300621042072,-14.12033045416856,0.8516995846445162,1.1644489443141426e-6,45.043348794041755,4.127847959427078,-1.7781338780441156,0.8516995846445162
Mohr_1980_B_megaterium,growth,,-0.6862000924179666,-10.155022627588155,0.9028093747493884,2.6534971601203084e-5,39.52644062443745,1.7859987884898783,0.4851207700582725,0.9028093747493884
Mohr_1980_B_subtilis,growth,,-0.970000451415621,-11.024233652339705,0.8087855903037114,2.6025091902671114e-5,40.10016381273985,2.3407284683587726,0.47107421077174505,0.8087855903037114
Mohr_1980_E_coli,growth,,-0.7050351746209264,-10.227337725444173,0.44267885209100793,7.339962646424474e-5,45.66598457735952,5.470211684276097,1.2217175846885175,0.44267885209100793
Mohr_1980_p_acruginosa,growth,,-0.49525174325854776,-9.875575689510427,0.3939596437957321,7.078439121229678e-5,44.16650460231138,8.520063943861533,1.1954520790596574,0.3939596437957321
Mohr_1980_P_fluorescens,growth,,-0.7395993830972665,-10.46252783361252,0.6539091524329771,3.541984869096595e-5,41.76089994616465,4.8124234739531335,0.6942067639620397,0.6539091524329771
Mohr_1980_S_marcescens,growth,,-0.7347235487880698,-10.010461380008637,0.5851156235168732,6.511464978785895e-5,37.95312449098502,5.599561786245792,1.1350094259768795,0.5851156235168732
Mohr_1980_v_marinus_ATCC15382,growth,,-1.2551636756098545,-10.75660426209629,1.1284748250618197,2.517240931279385e-5,24.73513772861256,4.654876960095903,0.4469572107366011,1.1284748250618197
Nichols_1999_Gelidibacter_sp,growth,,-0.4146818917643497,-10.815033322657538,0.633546678646254,1.9007174070369422e-5,26.23245890774563,1.779442112460524,0.24357368867071721,0.633546678646254
Nichols_1999_G_punicea,growth,,-0.8528666663175055,-11.687043721293527,1.112631108400997,8.38131855046109e-6,20.097042913223664,2.7385938685757147,-0.3492127987971445,1.112631108400997
Nichols_2000_2-5%_NaCl.JPG,growth,,-0.6517065150383256,-9.852460989671474,0.6655909129771646,5.50684693038891e-5,19.211914190413466,3.5035406660795343,1.0136938392409458,0.6655909129771646
Nichols_2000_4%_NaCl.JPG,growth,,-0.4871772373078467,-10.199081688184675,0.4814928905347284,3.7953922073160014e-5,19.281973360442123,3.59435972589676,0.7442327436574939,0.4814928905347284
Nichols_2002_L_monocytogenes,growth,,-0.8678748232999102,-10.81710076877349,0.7055101686222993,3.0641603097735835e-5,38.987874248106564,2.4475899246123802,0.589295061961714,0.7055101686222993
Piette_2011_P_haloplanktis,growth,,-0.48034251706044556,-9.594918503653338,0.506792213065961,6.853729882158858e-5,26.554067694070824,4.759229519323742,1.172096838133644,0.506792213065961
Saiko_1996_R_obamensis,growth,,-0.4076183071081749,-12.165726669939147,0.3484851437789332,7.941262327274661e-6,83.56819954074145,12.34784557102561,-0.38825812768594464,0.3484851437789332
Shcherbakova_2009_P_muriicola,growth,,0,0,1.2444624879743518,1.113416120731066e-5,20.89063590118461,3.2039047157549576,-0.14359898379708122,1.2444624879743518
Stahl_1977_FtR32,growth,,-0.8296135470021682,-11.303835036585568,0.5804884286449816,3.0191378089259326e-5,54.605073469064,16.69176024137718,0.5785788094629298,0.5804884286449816
Stahl_1977_m100,growth,,-1.1076984624932897,-11.298770059897423,0.8299927367803988,2.232922900115359e-5,38.43554700044445,3.0473905328161703,0.3601891799045896,0.8299927367803988
Takai_2005_D01,growth,,0,0,0.4486659543729194,7.849279770012037e-5,40.618495556475764,1.986965373707228,1.2702866230221195,0.4486659543729194
Nevot_P_antarctica,growth,,-0.5994457567939948,-10.169104976544954,0.5320620629988672,3.948351165626826e-5,22.11283141545595,2.890488800346272,0.7728366238539816,0.5320620629988672
I-2,growth,,-1.3351008856027917,-13.207800685118922,1.2417018611765,2.347898113802085e-6,37.69651171027377,7.499957838664007,-1.2704406942772246,1.2417018611765
III.1,growth,,-1.2447394160016652,-11.869960459365835,0.8786974055394737,1.4733506516153728e-5,37.08141594625402,4.255980947148097,0.05918672892743794,0.8786974055394737
III.2,growth,,-1.020070335316038,-11.834838559424101,0.922880155101613,9.052684020173486e-6,38.06498890508101,5.181307948235295,-0.2934273149801471,0.922880155101613
IV.1,growth,,-1.2731006672587504,-11.881321730702684,1.007757332740282,1.055207012404396e-5,36.594602258757035,4.27973366670165,-0.18247266642672852,1.007757332740282
IV.4,growth,,-0.8047951293481839,-11.343726583732433,0.7417717891664544,1.385056658872826e-5,34.35775547522944,4.826775146988243,0.01444737381519918,0.7417717891664544
IV.5,growth,,-0.968188994222625,-11.734103952754126,0.9647486758068402,8.171769367090197e-6,37.475160405589506,5.861169509409838,-0.3675433129006313,0.9647486758068402
VII,growth,,-1.2833890234909202,-12.526361139247964,0.8594392485557107,8.609571451720113e-6,34.30257118249305,8.83139736517769,-0.3297605059501043,0.8594392485557107
VIII-3,growth,,-1.5325996121570764,-13.55058828926178,1.3773881948285553,1.950192502174967e-6,37.10010371392426,6.217700244653456,-1.4048021609918417,1.3773881948285553
IX,growth,,-0.9798410480452544,-12.27243214609557,0.8683900429364716,5.563181296848717e-6,30.837841464778236,11.460081598030355,-0.6459169868895189,0.8683900429364716
X.1,growth,,-0.8789045697357328,-11.410914748668082,0.9374059202810655,9.707306038877031e-6,38.90549245845141,3.82973524534013,-0.2428822380411023,0.9374059202810655
XIII,growth,,-0.9083382431012839,-12.252659013855588,0.9373269984982484,4.581069799906431e-6,31.893450933522164,6.226400894107451,-0.7865371933188096,0.9373269984982484
XVI-1.1,growth,,-1.204603421204441,-12.724264876042854,1.0645611540735926,4.164201504865493e-6,34.10049020942776,5.030836428785775,-0.8556087644659064,1.0645611540735926
XVI-3,growth,,-1.2138039920412786,-12.768435404534133,1.8156164631138607,2.4947987643265083e-6,23.11877407422382,1.870873700142306,-1.2265053342560912,1.8156164631138607
XVIII.1,growth,,-1.2258787623628142,-12.454451320011117,0.8997164409407676,7.77966207219309e-6,37.23819682841643,7.806267735508963,-0.40314226792752056,0.8997164409407676
XVIII.2,growth,,-1.1056471034812672,-12.215219349495168,1.048322791712426,5.7800089305710075e-6,34.098028329897296,5.160509734275189,-0.6182363031948036,1.048322791712426
XXIV,growth,,-0.8358385304558827,-10.944703334937055,0.7938938280708575,1.969455720006466e-5,38.810892348090235,4.295486284327013,0.269292958959706,0.7938938280708575
XXV,growth,,-1.181632489391924,-11.703517087328475,0.9223972716470057,1.4367356605582193e-5,34.649881152837295,5.758686686797174,0.04096789928830343,0.9223972716470057
Ungrouped.1,growth,,-1.234390044214652,-12.279960177605194,1.0132618841447627,7.95593192990425e-6,38.639860639150186,4.934532718997471,-0.38692201685230904,1.0132618841447627
Ungrouped.3,growth,,-1.263753549407197,-12.367939846816338,1.1725956071096661,4.952678161603121e-6,32.93438667708653,4.96911442365775,-0.7300712756227924,1.1725956071096661
Ungrouped.4,growth,,-0.9774711677080872,-12.633239390295154,0.9987139564487733,3.1796828607680436e-6,30.65519591483878,6.78513356376942,-1.050891931028193,0.9987139564487733
Ungrouped.5,growth,,0,0,1.2106307676033987,2.6250608459103785e-6,33.097481851566506,5.65949983445379,-1.1896586688613167,1.2106307676033987
Ungrouped.7,growth,,-1.0599220465867536,-12.198804731498686,0.8669663010031531,6.76051288083462e-6,30.85836185134473,10.649680431961244,-0.5047964748908231,0.8669663010031531
NCTC 418,growth,,0,0,0.9309445156212698,1.706110646546933e-5,38.58672526643591,2.867543167456695,0.16537509497145625,0.9309445156212698
LM1_2a,growth,,-0.9456868436293535,-11.021649842716748,0.7960170032028632,2.9046283860067992e-5,38.02173250313016,1.863504066784591,0.5505862948688883,0.7960170032028632
LM1_2b,growth,,-0.910368553103942,-10.823173428224615,0.7710558798077808,2.8766560831336675e-5,38.98635361607329,2.03660293279923,0.543580591172672,0.7710558798077808
LM4b,growth,,-0.9838516949629955,-11.20508618880987,0.8858027143341936,2.456496465433226e-5,35.49343994966982,1.6266753653774493,0.4292728260472818,0.8858027143341936
TS_Oscar2002,growth,,-1.0072596732991153,-11.655520068401376,0.7524228805448171,1.8909057319936756e-5,40.63805134421266,2.1399572062904144,0.23982686328419395,0.7524228805448171
EC_Daughtry1997,growth,,-0.8814134600373483,-10.711761111891397,1.3795657925120348,2.0694386134884618e-5,23.960660912906945,1.1558877928887727,0.3051435599345089,1.3795657925120348
EC_Ingraham1958,growth,,-1.1640120281349797,-11.217023127439722,1.329480512088945,1.239229764958211e-5,34.37607157481655,1.70310367540257,-0.06609389983304405,1.329480512088945
EC_Ratkowsky1991,growth,,-0.908229165345728,-11.335399147999347,1.260888599886694,1.2300177000355559e-5,28.970232200547468,1.1524479106698786,-0.07149570457548633,1.260888599886694
CP_Beef,growth,,-1.1503937361949483,-11.633167955859628,0.9681250528516585,1.8545731480683533e-5,45.10881585088598,2.3215549933502193,0.2257810448888798,0.9681250528516585
CP_Chicken,growth,,-1.2660970838859047,-11.995570409145174,0.6139750084199894,4.8094810633069755e-5,48.26273229128483,3.8849644644938532,0.915667483179163,0.6139750084199894
CP_Pork,growth,,-0.8464575746194996,-10.960238507581415,0.577850980894711,4.313635852566142e-5,50.49785403446971,5.984617835481784,0.8368948152318052,0.577850980894711
ltk10_growth,growth,,-0.8700885131020967,-12.72387493026358,0.6164598699635276,3.3658374796118137e-6,23.032234836623374,16.679750482400816,-1.009701981026423,0.6164598699635276
ak30_growth,growth,,-1.0229217737159673,-13.900217232653992,0.8024888776514812,1.684383522129217e-6,33.473860306725605,2.324715578051514,-1.510882881242562,0.8024888776514812
Krist1998,growth,,-0.8412053979889805,-10.695412153351434,0.5939900859286298,3.993498265656794e-5,40.30558638344745,7.437429047515662,0.7810677144509315,0.5939900859286298
LP_CNCM_I-4031,growth,,-1.2856457939402068,-10.070855723585732,0.7249514632140384,6.307346814416696e-5,25.471781808831622,10.048479251190598,1.1119517736814633,0.7249514632140384
Valik_2013_L_rhamnosus_GG,growth,,-0.7897678065798247,-11.144611975299476,0.6490135044751112,2.2409113329917477e-5,46.079505281682614,2.3967060847486916,0.36277457343097785,0.6490135044751112
Van_Derlinden_E_coli,growth,,-1.115203205780929,-11.027168127872521,0.8486651046866044,3.393878769000901e-5,42.49804312858179,3.597676038725175,0.6632836716844797,0.8486651046866044
Membre_Ecoli_Strain1,growth,,-1.0557338203198159,-10.566521158101885,0.8330608785251161,4.951396063837979e-5,42.02040217917006,1.7263664266741894,0.9367205105517498,0.8330608785251161
Membre_Ecoli_Strain2,growth,,-1.286961303793423,-11.323381899096871,0.7800696782416565,4.1032288402838215e-5,42.645165344618874,3.858309153062844,0.8006917913016312,0.7800696782416565
Membre_Ecoli_Strain4,growth,,-1.1882330470958173,-10.983715637949096,0.8624862219928587,3.906746671188726e-5,41.438195295432784,4.001971936082779,0.7651676509210042,0.8624862219928587
Membre_Ecoli_Strain6,growth,,-1.1803192240198128,-10.946361272994292,1.2271421133948064,2.6464338685024358e-5,32.579016194571686,1.6082604579992765,0.4831911061688544,1.2271421133948064
Membre_Ecoli_Strain9,growth,,-1.1026377549042106,-10.64346803660109,0.8228468601113759,5.10273869266223e-5,42.12549454517357,2.1966659201161973,0.9585173673003284,0.8228468601113759
Membre_Bcereus_Strain1,growth,,-1.084925328674856,-10.598111703076706,0.7372521587782255,5.824224607656019e-5,43.75660890258675,4.005984283765552,1.0542599620189812,0.7372521587782255
Membre_Bcereus_Strain2,growth,,-0.8167246153256816,-10.140780241860279,0.8925695797810947,5.2712223043617734e-5,38.77180971338486,1.8193110239203762,0.9820351154588051,0.8925695797810947
Membre_Bcereus_Strain3,growth,,-1.2096265251544376,-10.58961494849047,0.8746042691693735,4.8182564267793725e-5,39.46593707101431,2.3585173286348478,0.9169872143890101,0.8746042691693735
Membre_Bcereus_Strain6,growth,,-1.2105693071848047,-10.239170622607084,1.1744358848301917,4.239023330767559e-5,29.413120104465246,2.0140845017479836,0.8242629912875802,1.1744358848301917
Membre_Lmonocytogenes_strain12or13,growth,,-0.9147682243810701,-10.495690609374105,0.756959481814977,4.697433802783862e-5,36.933547524295705,1.5226976233778393,0.8986016992987648,0.756959481814977
Har_vallismortis,growth,,-0.35390046823590743,-10.25454105733486,0.33298705665139483,3.8228841787150734e-5,52.00853544844157,2.7726336076907305,0.7494578548591713,0.33298705665139483
Hbl_gomorrense,growth,,-0.34773326300380913,-10.154918589422492,0.38429082826685457,3.606063619065796e-5,51.144774879642064,1.8613046702810316,0.7071870023562141,0.38429082826685457
Hcc_morrhuae,growth,,-0.32904269126789004,-10.149323996894498,0.3392071991372406,3.832420348170581e-5,56.612844343115476,3.158669287918403,0.7512615212232343,0.3392071991372406
Hfx_volcanii(DS70),growth,,-0.35330048442564915,-10.105354265752831,0.40930764028358113,3.499008967325187e-5,48.9902,3.444659762759988,0.6853690300635562,0.40930764028358113
Hgm_borinquense,growth,,-0.33850981770971145,-10.136035958873686,0.38700426211830663,3.5560570522074345e-5,56.30190575370518,1.546678432863299,0.6970773328936448,0.38700426211830663
Hrr_saccharovorum,growth,,-0.3276495935028332,-10.192663611358,0.4053670318681089,3.1234322595462726e-5,49.50733173921973,1.977795310619672,0.6031653436833325,0.4053670318681089
Htg_turkmenica,growth,,-0.2956914342083515,-9.981501390932184,0.33032002467778593,4.205596286494784e-5,57.2793,2.337920575723245,0.8185315394600697,0.33032002467778593
Nab_asiatica,growth,,-0.32908384578572053,-10.141822369864288,0.38558397720319815,3.482593678297101e-5,50.17263510503763,2.0084993656623826,0.6819646448142629,0.38558397720319815
Nnm_pellirubrum,growth,,-0.29921088829493797,-10.107159777103597,0.32543041504053155,3.765466116052717e-5,57.1169,3.218672503358126,0.7385018063557698,0.32543041504053155
Nbt_gregoryi,growth,,-0.366627914056637,-10.274257358634042,0.40923910395264435,3.1511245506028515e-5,51.92224876071668,2.168217039567616,0.6095556716106473,0.40923910395264435
Ncc_occultus,growth,,-0.38309332676710783,-10.42699193316708,0.6083503244672623,1.9557542788028902e-5,44.13904487003083,1.0922484445523473,0.26423879167469433,0.6083503244672623
Nmn_pharaonis,growth,,-0.4645785498923392,-10.621464608509648,0.5774531214751485,1.85186202436423e-5,48.67100127569652,1.7644821258013663,0.22472194359979847,0.5774531214751485
Nrr_bangense,growth,,-0.43525581016459974,-10.585381945905581,0.5086475591117873,2.125758712966926e-5,50.0369,1.7938023741685396,0.32458290398088896,0.5086475591117873
Knoblauch1999_ASv26_growth,growth,,-1.1863011325274244,-13.218059093205559,0.799663498764838,1.31e-6,12.443891086704433,5.362501893354676,-1.6928664836495124,0.799663498764838
Knoblauch1999_LSv54_growth,growth,,-0.732295812675816,-11.712310365316782,0.602828333327926,7.67e-6,14.61495709318088,3.24447947394542,-0.4134198097015642,0.602828333327926
TS,growth,,-0.5734506959228465,-10.648796436602439,0.5710891355398211,2.376929949056819e-5,17.058320243651956,7.0701899194338065,0.40543542185839704,0.5710891355398211
TS_ASW,growth,,-0.5366681313508158,-9.905005085329801,0.5068751765694837,4.955355097899969e-5,16.951872285376457,5.613678260664147,0.937299142621929,0.5068751765694837
TS_04MNaCl,growth,,-0.5052534946549206,-10.209686227015283,0.47652442832363967,3.636307745740906e-5,17.217465150717157,6.173961207304074,0.7132335471732939,0.47652442832363967
Erwinia,growth,,-1.0585373661775477,-10.878258334840703,0.7023321094581755,3.367865614181189e-5,31.69388796228722,5.010873839023754,0.6577133418358206,0.7023321094581755
ACAM32,growth,,-1.0712377946935785,-14.65797657586213,1.1132121826618244,5.168996598936209e-7,29.570294993716363,2.2216887513548422,-2.3661011290802163,1.1132121826618244
ACAM34,growth,,-0.848160215872415,-14.331532128057544,0.8941595832484899,6.513756209125309e-7,35.67728915600464,1.8366002854735097,-2.1986943177596414,0.8941595832484899
L_m_ScottA_Run1,growth,,-0.7424559986166547,-10.34676857633651,0.597039193878125,4.630140777868728e-5,41.69508507478923,3.672154902114098,0.8881556192625674,0.597039193878125
L_m_ScottA_Run2,growth,,-0.9999347640289702,-10.549430549153147,0.7122419809747262,4.7290787474219685e-5,38.38453951347602,2.430526209630556,0.9034624059874232,0.7122419809747262
L_m_ScottA_Run3,growth,,-0.9912664882043181,-10.523477687642753,0.7042872704217471,4.764089786506768e-5,38.9743326370007,2.6965966179858505,0.9088023938726769,0.7042872704217471
L_m_ScottA_Run4,growth,,-0.8707049688152229,-10.428445311045614,0.6807675939905297,4.7535606355702334e-5,39.059423872904496,3.0111362384439744,0.9072005939340806,0.6807675939905297
L_m_ScottA_Run5,growth,,-0.9189258890225128,-10.488788992129601,0.6900440923665149,4.568740933287233e-5,38.31837067317459,2.6145055918945848,0.8784910349158237,0.6900440923665149
G_punicea_ACAM611,growth,,-0.584929933050176,-10.652655460894556,0.7379379850739342,2.8134824484760635e-5,16.77517625899601,1.9463512382928556,0.5275046886935042,0.7379379850739342
G_sp_IC158,growth,,-0.4410708773209207,-10.45013467199634,0.8886593668458023,2.757909277567816e-5,21.41212007200589,1.531154976692098,0.5130615899562668,0.8886593668458023
S_gled_1percentSalt,growth,,-0.7271041729337364,-9.656467301893235,0.6084335187312108,6.032688724117175e-5,16.271793015122686,3.439029085592265,1.0797194058624746,0.6084335187312108
S_gled_2.5percentSalt,growth,,-0.6535816090569357,-9.442927051834138,0.6606531997757659,8.282584413163604e-5,18.939819251585945,3.5230076933248977,1.3091873533872094,0.6606531997757659
S_gled_5percentSalt,growth,,-0.4863360002762151,-9.804887180267508,0.4826169193276397,5.63072335055318e-5,19.100462292697912,3.5516126624048554,1.0297988341481215,0.4826169193276397
A_hydrophila_3459,growth,,-0.7932371984068683,-9.6050714917691,0.6495774498180044,8.579905091736665e-5,35.98191725840467,4.349420966399515,1.3347198291569724,0.6495774498180044
L_m_ScottA,growth,,-0.8873145231460725,-10.261744091275121,0.9867076192315507,3.842809169078399e-5,33.10343189778689,1.391671018159056,0.7532213568443116,0.9867076192315507
E_coli_M23,growth,,-0.9630606197866581,-10.213314168998126,0.7025231434229786,7.169913547386221e-5,42.72723933578165,4.331736434688167,1.2047478518053605,0.7025231434229786
P_fluorescens_1412,growth,,-0.6530060645163362,-9.3760816836522,0.5559612185172734,1.0191814912123539e-4,32.63039093048687,5.476167432001052,1.4593582723245722,0.5559612185172734
K_oxytoca_NRRL_B-199,growth,,-0.9155705808239409,-9.800326865342578,0.6526576811867371,9.967491919241871e-5,42.115345211849814,3.674053238341733,1.4432458582230026,0.6526576811867371
P_putidia_1442,growth,,-0.6783497431068533,-9.239656874972779,0.6440733575036998,1.1094550972586807e-4,32.44862090467902,2.9108524975384076,1.5208001287593729,0.6440733575036998
S_thermophilus_K118-4,growth,,-0.9276967098471339,-10.950439027080524,1.0078819864180928,1.4581072383235436e-5,42.072561711484354,3.698478260643343,0.051657561189454346,1.0078819864180928
S_thermophilus_BC-29_run3,growth,,-0.8655165173313776,-10.937921863350287,0.9247294146878546,1.5929948855229864e-5,42.19495657010405,3.1643998007482126,0.11571109703280835,0.9247294146878546
S_thermophilus_BC-29_run2,growth,,-0.8968139701836461,-10.705127675802121,0.8289316408405981,2.9041032771652662e-5,42.178671188290096,3.147497845386413,0.5504554030475342,0.8289316408405981
S_thermophilus_BC-29_run1,growth,,-1.0031128223633647,-11.28944187062969,0.9463476692113163,1.6230403844473323e-5,42.81113509533926,4.038980327814884,0.12923854108055224,0.9463476692113163
S_thermophilus_BC-14_run5,growth,,-1.1463871289071745,-11.85026087648094,1.0412673669126944,1.2249118947186548e-5,42.066636733423785,2.2592885625113017,-0.07450711763510459,1.0412673669126944
S_thermophilus_BC-14_run4,growth,,-0.826933186367828,-10.841283192933808,0.8373880709034223,1.964641335103422e-5,43.67061237486473,3.9084931924716866,0.26752105389724373,0.8373880709034223
S_thermophilus_BC-14_run3,growth,,-0.7168484769548102,-10.042882190874595,0.6994897770086325,4.723579768948775e-5,45.37711332189377,2.5893739476506754,0.9026200947532912,0.6994897770086325
S_thermophilus_BC-14_run2,growth,,-1.0086359578459834,-11.24369151069053,0.9183623441630236,1.8437862720340045e-5,43.54666141022271,3.5739212948984664,0.2215579358241655,0.9183623441630236
S_thermophilus_BC-14_run1,growth,,-1.2093337899417276,-12.246005009894487,1.118297917464847,8.26122581272402e-6,42.56678283396855,2.1180347198724863,-0.35966118107454864,1.118297917464847
E_coli_ONT H8_R91,growth,,-0.9234779038465842,-10.38155510212667,0.6501817576584324,6.64561873977994e-5,43.60637716696449,4.165687815463773,1.1497733825503949,0.6501817576584324
E_coli_O126_H21,growth,,-0.9187166562196672,-10.28352478130225,0.654332087397301,6.953701560639954e-5,44.15135638985296,3.38430299973036,1.1825805764260595,0.654332087397301
E_coli_NT_R31,growth,,-0.9732406250939887,-10.522567174455318,0.632487739213771,7.354636061461092e-5,44.44842323830741,3.8209225745051665,1.2231634176088926,0.632487739213771
E_coli_O81_H-_R106,growth,,-0.8831335176099265,-10.29049999611585,0.6425138522175045,6.764969510904978e-5,43.81690247185735,3.627034779925428,1.1626598345653005,0.6425138522175045
E_coli_O88_H-_R171,growth,,-1.0029578422141499,-10.797391911041462,0.7927945261600857,4.147269140011896e-5,43.867856496195685,2.3463598836128225,0.808420709699684,0.7927945261600857
E_coli_O88_H-_R172,growth,,-1.0104753223550746,-10.826643697527796,0.943128765350822,3.215244169330168e-5,39.91082690978894,1.6224199488170663,0.6241390559627094,0.943128765350822
E_coli_O157_H-,growth,,-1.0310313459514973,-10.257425897752858,0.7561082616202116,8.083181684943985e-5,41.43270991528604,2.7416296050803917,1.291544828375838,0.7561082616202116
E_coli_O157_H7,growth,,-1.055906211253827,-10.67234051747829,0.8967713342230632,4.038201930237737e-5,39.60884502459064,1.7675151387094186,0.7891267786458687,0.8967713342230632
E_coli_O111_H-,growth,,-1.122634075113657,-10.896071293909136,0.7346478860951267,5.152046854106294e-5,43.591176145210135,3.391604593609159,0.9654794642566717,0.7346478860951267
Y_enteroclitica_pH5.5,growth,,-0.9860070679045052,-13.25855363300374,1.10997127026062,1.699073125225772e-6,24.95,2.9688548540834585,-1.5045965585936316,1.10997127026062
Y_enteroclitica_pH6,growth,,-0.9730579029922237,-12.625677697990442,1.1876409752481454,3.654548775356161e-6,22.154737036109122,1.6480472310365828,-0.950123109379688,1.1876409752481454
Krist1997_Ecoli_0.998_2mM_betaine,growth,,-0.8147331850293789,-10.724972166302662,0.7363034255431469,2.7397268321205917e-5,41.32961505279422,3.011329487010545,0.5082728375871516,0.7363034255431469
Krist1997_Ecoli_0.998,growth,,-0.877627680926526,-10.911922349605009,1.0242210479814438,1.7688246858142015e-5,34.34809128418997,1.4858109431490583,0.19150932436019372,1.0242210479814438
Krist1997_Ecoli_0.977_2mM_betaine,growth,,-0.7143641077657095,-11.332571222366706,0.6340402714134797,1.496715166278787e-5,42.97656443,3.924585402839964,0.07057726445481781,0.6340402714134797
Krist1997_Phalo_0.964_2mM_betaine,growth,,-1.0174184187994355,-11.631138300346683,0.6787317860226642,1.6920000325476476e-5,36.78682381849068,4.754019915786826,0.1593625909289121,0.6787317860226642
Krist1997_Phalo_0.892,growth,,-0.9073246584396243,-12.878547042094011,0.7868032913945683,3.3483330907926214e-6,35.123733437292856,3.565999642915273,-1.0134768341558904,0.7868032913945683
Krist1997_Phalo_0.964,growth,,-1.0528479601464809,-11.69981863903376,0.9612534386186772,1.1689446554201031e-5,32.333366744092224,1.6276439789521244,-0.10836496976016728,0.9612534386186772
Krist1997_Phalo_0.892_2mM_betaine,growth,,-0.9648623645052087,-12.332083057634785,0.7778565947805849,6.794121080672715e-6,35.26251662707287,3.1510903610622005,-0.5012064055220868,0.7778565947805849
Krist1997_Helongata_0.950_2mM_betaine,growth,,-0.9554048940738323,-11.130171521405416,0.8933763389462048,1.7759290497341264e-5,38.62839662904197,2.324697286752635,0.19441123614458677,0.8933763389462048
Krist1997_Helongata_0.752,growth,,-0.8490357598960994,-12.967447383800865,1.1511420979813838,1.548517087341497e-6,34.77139234283316,1.6770683372218285,-1.5717692676018333,1.1511420979813838
Krist1997_Helongata_0.950,growth,,-0.8750297365927707,-11.231779299062987,0.7766742961430965,1.6860074460762725e-5,39.29935122336329,3.8774851778758284,0.1567939780731449,0.7766742961430965
Krist1997_Helongata_0.752_2mM_betaine,growth,,-0.8195059073787632,-11.821417046691453,1.4523424402196263,5.810350941577826e-6,21.99299196821253,1.1366349652122876,-0.6144458343929082,1.4523424402196263
Krist1997_Saureus_0.963,growth,,-1.5135914872732001,-11.753990672381025,1.9598278261800974,9.130918592248503e-6,21.934413001783565,1.4690545433514053,-0.28719763190743747,1.9598278261800974
Krist1997_Saureus_0.997,growth,,-1.0461011333989891,-10.615386308071681,1.6149967299572712,1.9059532232893217e-5,23.72338944268405,1.2145617739466255,0.2455652049591503,1.6149967299572712
Krist1997_Sxylosus_0.909,growth,,-1.2368326163111598,-10.651164749477488,1.7381231875543854,2.8061466703362277e-5,19.360673342673515,1.6082717210068496,0.5256145952559913,1.7381231875543854
Krist1997_Sxylosus_0.949,growth,,-1.115207314055056,-10.003462337044018,1.9980578559957867,5.5991625372246636e-5,14.80533590460055,1.5517617021249954,1.025729545656006,1.9980578559957867
Krist1997_Sxylosus_0.976,growth,,-1.1991456724800826,-9.906628646436214,1.4386917183370298,4.821374062907948e-5,25.78524855312864,1.8221165472407443,0.9174554986350798,1.4386917183370298
Utkin_2004_growth,growth,,-2.069386039776522,-16.173386310319728,0.8086301003973372,2.50777207208504e-6,41.31148375650718,5.361751931344785,-1.2227503947832614,0.8086301003973372
Wahlund_1991_C_tepidum,growth,,-0.45499498348899003,-11.426493684014021,0.5250686494470079,8.46387768705352e-6,48.74871459397903,8.743175070577664,-0.342116415931643,0.5250686494470079
Warth_1978_B_megaterium,growth,,-0.3555521299433529,-8.677650142088096,0.3642384977938967,1.6720033440198852e-4,46.248647923007134,6.37858587960635,1.8177348231685528,0.3642384977938967
Wiegel_1981_T_ethanolicus,growth,,-0.36167967297664116,-11.95166047079203,0.4398699191425633,4.378121346590701e-6,72.39160124115712,2.813663431506964,-0.8193418681825545,0.4398699191425633
Zhilina_2001_H_saccharophilum,growth,,-1.229352091516003,-13.897466901024604,0.8532606416520223,3.1586805794525963e-6,43.80800797795843,1.5518655766070448,-1.055689656749239,0.8532606416520223
39667,growth,,-0.573472145242758,-12.308548988129939,0.6111988836250186,4.426212994578294e-6,39.54276280078138,3.3781328305327043,-0.8114328614357216,0.6111988836250186
39668,growth,,-0.46253775562163757,-12.012819067623898,0.4248670846536431,6.787617578442524e-6,41.828676892493405,5.01896618382576,-0.5018997298681486,0.4248670846536431
CT229,growth,,-1.0874787201840899,-14.143450132409658,2.5160016876948186,1.8886460592320073e-6,9.880262325909975,2.2643256363598203,-1.4280180232215791,2.5160016876948186
CT234,growth,,-0.9050634894572414,-12.460343484903518,0.8348122611135526,4.18237424195473e-6,26.24859758557169,3.897256310101228,-0.8524562493019588,0.8348122611135526
CT261,growth,,-0.8942587548854215,-13.56008295748737,0.7544787577385776,1.4612828505187714e-6,26.951796241157,4.6069383455201685,-1.613746662479952,0.7544787577385776
CT263,growth,,-0.8268571619619879,-13.514810074645238,0.8740887568072018,1.2688460782389576e-6,28.05096477463099,6.314362748598374,-1.7159747396632565,0.8740887568072018
CT265,growth,,-0.7208412525882405,-13.392243546031587,0.7814150969847754,1.481753671896204e-6,26.697657927973072,4.537641031845595,-1.603675233033381,0.7814150969847754
CT266,growth,,-0.6093146035054892,-13.50051552377402,0.8846852370567524,9.452584668077606e-7,29,3.4624636072571553,-1.9291119784466253,0.8846852370567524
CT348,growth,,-0.7923647693771156,-13.26122902424292,0.8124524849914695,1.7905026127499098e-6,29.69226999558238,3.8816496172187835,-1.4666512964174194,0.8124524849914695
CT405,growth,,0,0,0.5562152008451103,2.659793239906661e-6,33.052465670656716,4.072331944517739,-1.1801427120081884,0.5562152008451103
CT433,growth,,0,0,1.6216706101472287,9.393128586788856e-7,17.77473771048609,1.7921711013949946,-1.9336800157025067,1.6216706101472287
CT437,growth,,0,0,0.37643167327348853,1.5517716213745757e-6,28.08604368471325,7.512288832790753,-1.570249310496907,0.37643167327348853
CT438,growth,,0,0,1.041960215786949,7.182334238765854e-7,22.411167129274748,1.7388154193966683,-2.1279575355507006,1.041960215786949
CT439,growth,,-0.7185306729802574,-14.325403672701398,1.2411773482733726,4.1667489594760933e-7,25.806424220488267,1.4542784974738754,-2.5221452383011966,1.2411773482733726
CT467,growth,,-1.4441737211613654,-14.108940522235168,1.2743172252022235,1.1985474853755797e-6,24.83920543898939,1.8955583023193732,-1.757238637600688,1.2743172252022235
K_Adamberg_Lactococcus_lactis,res,,-0.049395438599822865,2.5863550680450067,0.06271093345101399,13.086494845916738,40.8658496907747,7.613194690867944,1.9823773130551676,0.06271093345101399
K_Adamberg_Lactobacillus_delbrueckii,res,,-0.15833211866094224,2.373016849879207,0.39436521429674326,4.764036014132331,49,2.4115232533751794,1.8019992702297414,0.39436521429674326
Dopson_2004_Fer1,res,,-0.7687542995300207,-2.0010439030889606,0.7314873652626674,0.15176763650257047,43.6395670504683,7.273971846758944,1.1867773197771148,0.7314873652626674
Hawkes_2006_1,res,,-0.4339562626710916,-3.9178099489503384,0.4413702275185591,0.01957050118104401,58.554114701955065,2.581918803338148,0.8211379917184637,0.4413702275185591
Hawkes_2006_2,res,,-0.6616766776048122,-5.039376512660883,0.5149553879889115,0.012084406265596983,56.87033111380456,3.999985724125465,0.7350787622306801,0.5149553879889115
Meeks_1971_Photosynthesis,res,,-0.7555238554639967,-14.804135458786293,0.5783731164344701,9.659818323738565e-7,69.26405949353327,4.782530588381591,-0.9489999471334759,0.5783731164344701
Fig3_A_caldus,res,,-0.3041406090641444,-14.407063629758479,0.20180771854213073,7.728859166594251e-7,52.27361830958354,20,-0.988809276126804,0.20180771854213073
Fig3_A_thiooxidans,res,,-0.5970058957462504,-14.369712589155958,0.5092118120774869,6.639800200253374e-7,35.56052788650173,5.301362853683733,-1.015920705423519,0.5092118120774869
Fig4_A_ferrooxidans,res,,-0.6444468554319671,-12.228500902208978,0.6113833257157044,5.7522462788792525e-6,51.988213636276946,2.7210895915140405,-0.6305088761592916,0.6113833257157044
Fig4_L_ferriphilum,res,,-0.9410242756298131,-13.33072079459894,1.031345746726271,1.4692606663203147e-6,39.78756983128727,2.6675652830326095,-0.8741398335746623,1.031345746726271
Fig4_L_ferrooxidans,res,,-0.8345901549050491,-13.33121240038806,0.6646190040047626,2.5257081702868477e-6,40.214905176764546,5.096465086509708,-0.7774318724356022,0.6646190040047626
Fig5_F_cyprexacervatum,res,,-0.6793285072196975,-14.523349057078146,0.5764291956761689,7.657442228476679e-7,58.54365741089532,5.103389976436067,-0.990466395003742,0.5764291956761689
Zen,res,,-0.5714245873781806,-2.738213311594953,0.7020595121605508,0.049556888431526794,39.71799827668557,2.7269824815594985,0.9869878206832415,0.7020595121605508
Knoblauch1999_ASv26_SSR,res,,-0.814377836335531,-9.3832805535653,0.708387379617316,9.003109304251692e-5,20.497030429061688,2.5622949588967874,-0.139515745059072,0.708387379617316
Knoblauch1999_LSv21_SSR,res,,-0.6537860555708241,-9.030464886909712,0.5909768276495638,1.2891872176151037e-4,29.185925352340345,3.791626433183181,-0.07542715266741554,0.5909768276495638
Knoblauch1999_LSv54_SSR,res,,-0.5916875888903133,-10.63462633784298,0.5932132181954011,2.4553373532535866e-5,15.021274701928554,4.5766350152419655,-0.3714500268682185,0.5932132181954011
Knoblauch1999_LSv514_SSR,res,,-0.6133797055765082,-8.95471044377494,0.6044142371266028,1.3369463039700056e-4,26.13106996373663,4.025925073957239,-0.06893377524527446,0.6044142371266028
Utkin_2004_dehalogenation,res,,-0.9078024618284604,-12.45976003490371,0.8172778054378697,5.680323982986993e-6,40.324340624060504,4.100377447862557,-0.6327548719973336,0.8172778054378697
