"SampleID","ComClustID","Env_cons","Temperature_C_mean","pH_mean","Richness","Temp_bin","weight"
"ERR2372867.ERS2269406","SGRP112859","soil;tundra",0.858666666666667,5.954,400,1,7
"ERR2372869.ERS2269391","SGRP112859","soil;tundra",0.858666666666667,5.954,416,1,7
"ERR2372836.ERS2269372","SGRP112859","soil;tundra",0.858666666666667,5.954,464,1,7
"ERR2372889.ERS2269432","SGRP112859","soil;tundra",0.858666666666667,5.954,413,1,7
"ERR2372925.ERS2269403","SGRP112859","soil;tundra",0.858666666666667,5.954,400,1,7
"ERR1101368.ERS945758","SGRP251567","aquatic;lake",1.18,8.18,535,1,7
"ERR1897664.ERS1628102","SGRP251708","aquatic;lake",1.23,7.58,402,1,7
"SRR5643451.SRS2250291","SGRP215285","aquatic",1.7723,7.7057,747,2,13
"SRR1980870.SRS913797","SGRP215285","aquatic",1.7723,7.7057,605,2,13
"SRR1980861.SRS913788","SGRP215285","aquatic",1.7723,7.7057,514,2,13
"SRR1980869.SRS913796","SGRP215285","aquatic",1.7723,7.7057,525,2,13
"SRR1980852.SRS913779","SGRP215285","aquatic",1.7723,7.7057,617,2,13
"SRR1980853.SRS913780","SGRP215285","aquatic",1.7723,7.7057,525,2,13
"ERR2372815.ERS2269358","SGRP112857","soil;tundra",1.83666666666667,5.46373333333333,526,2,13
"ERR2372973.ERS2269419","SGRP112857","soil;tundra",1.83666666666667,5.46373333333333,519,2,13
"ERR2372842.ERS2269439","SGRP112857","soil;tundra",1.83666666666667,5.46373333333333,556,2,13
"ERR2372896.ERS2269374","SGRP112857","soil;tundra",1.83666666666667,5.46373333333333,492,2,13
"ERR2372864.ERS2269352","SGRP112857","soil;tundra",1.83666666666667,5.46373333333333,492,2,13
"SRR10965125.SRS6061860","SGRP2696","aquatic;lake",1.93333333333333,9.925,517,2,13
"SRR10954038.SRS6052916","SGRP1216","aquatic;lake",1.99333333333333,7.67411764705882,576,2,13
"SRR10522043.SRS5719195","SGRP36337","aquatic;lake",3.00590612244898,7.97497959183674,490,3,1
"SRR5298354.SRS2006677","SGRP70220","aquatic;lake",3.97549019607843,8.17549019607843,667,4,4
"SRR6074027.SRS2539534","SGRP70220","aquatic;lake",3.97549019607843,8.17549019607843,928,4,4
"ERR1811812.ERS1513130","SGRP70220","aquatic;lake",3.97549019607843,8.17549019607843,663,4,4
"ERR2728107.ERS2639910","SGRP70220","aquatic;lake",3.97549019607843,8.17549019607843,876,4,4
"SRR3359195.SRS1357092","SGRP295847","aquatic",4.6166052568,6.7273154491,862,5,6
"SRR3359207.SRS1384911","SGRP295847","aquatic",4.6166052568,6.7273154491,885,5,6
"SRR965827.SRS476496","SGRP295847","aquatic",4.6166052568,6.7273154491,869,5,6
"SRR965817.SRS476773","SGRP295847","aquatic",4.6166052568,6.7273154491,864,5,6
"SRR965848.SRS476491","SGRP295847","aquatic",4.6166052568,6.7273154491,839,5,6
"SRR965821.SRS476776","SGRP295847","aquatic",4.6166052568,6.7273154491,884,5,6
"DRR138674.DRS093499","SGRP33196","aquatic;river",5.5,8.53,525,6,18
"DRR138676.DRS093501","SGRP33196","aquatic;river",5.5,8.53,540,6,18
"DRR138683.DRS093508","SGRP64832","aquatic;river",5.5,8.53,558,6,18
"DRR138684.DRS093509","SGRP64832","aquatic;river",5.5,8.53,499,6,18
"DRR138682.DRS093507","SGRP64832","aquatic;river",5.5,8.53,502,6,18
"SRR7204133.SRS3328558","SGRP125491","aquatic;lake",5.645,7.38,502,6,18
"SRR7204134.SRS3328557","SGRP125491","aquatic;lake",5.645,7.38,537,6,18
"SRR10522110.SRS5719309","SGRP7863","aquatic;lake",6.35555555555556,8.16888888888889,638,6,18
"SRR1583213.SRS707198","SGRP262780","aquatic",6.39166666666667,7.91666666666667,1125,6,18
"SRR1583210.SRS707195","SGRP262780","aquatic",6.39166666666667,7.91666666666667,1155,6,18
"SRR1583227.SRS707212","SGRP262780","aquatic",6.39166666666667,7.91666666666667,709,6,18
"SRR1583230.SRS707215","SGRP262780","aquatic",6.39166666666667,7.91666666666667,698,6,18
"SRR1583232.SRS707217","SGRP262780","aquatic",6.39166666666667,7.91666666666667,607,6,18
"SRR1583224.SRS707209","SGRP262780","aquatic",6.39166666666667,7.91666666666667,900,6,18
"SRR1583214.SRS707199","SGRP262780","aquatic",6.39166666666667,7.91666666666667,1235,6,18
"SRR1583225.SRS707210","SGRP262780","aquatic",6.39166666666667,7.91666666666667,1029,6,18
"SRR1583226.SRS707211","SGRP262780","aquatic",6.39166666666667,7.91666666666667,971,6,18
"SRR1583231.SRS707216","SGRP262780","aquatic",6.39166666666667,7.91666666666667,682,6,18
"SRR1583219.SRS707204","SGRP262757","aquatic",6.6,8,1283,7,47
"SRR1583216.SRS707201","SGRP262757","aquatic",6.6,8,1708,7,47
"SRR1583218.SRS707203","SGRP262757","aquatic",6.6,8,1232,7,47
"SRR1583215.SRS707200","SGRP262757","aquatic",6.6,8,1948,7,47
"ERR594322.ERS492685","SGRP69837","aquatic",6.95999881818182,7.41047619047619,1788,7,47
"ERR599115.ERS493460","SGRP69837","aquatic",6.95999881818182,7.41047619047619,2404,7,47
"ERR599166.ERS494208","SGRP69837","aquatic",6.95999881818182,7.41047619047619,2231,7,47
"ERR599164.ERS489987","SGRP69837","aquatic",6.95999881818182,7.41047619047619,1395,7,47
"ERR598971.ERS492205","SGRP69837","aquatic",6.95999881818182,7.41047619047619,1912,7,47
"ERR599086.ERS492381","SGRP69837","aquatic",6.95999881818182,7.41047619047619,1960,7,47
"ERR599047.ERS494274","SGRP69837","aquatic",6.95999881818182,7.41047619047619,1813,7,47
"ERR598985.ERS494006","SGRP69837","aquatic",6.95999881818182,7.41047619047619,2035,7,47
"ERR599083.ERS492680","SGRP69837","aquatic",6.95999881818182,7.41047619047619,1254,7,47
"ERR598964.ERS494431","SGRP69837","aquatic",6.95999881818182,7.41047619047619,2061,7,47
"ERR599112.ERS489727","SGRP69837","aquatic",6.95999881818182,7.41047619047619,2428,7,47
"ERR599159.ERS490714","SGRP69837","aquatic",6.95999881818182,7.41047619047619,2535,7,47
"ERR599000.ERS490633","SGRP69837","aquatic",6.95999881818182,7.41047619047619,2129,7,47
"ERR598947.ERS490230","SGRP69837","aquatic",6.95999881818182,7.41047619047619,1760,7,47
"ERR599072.ERS492471","SGRP69837","aquatic",6.95999881818182,7.41047619047619,2037,7,47
"ERR598960.ERS490065","SGRP69837","aquatic",6.95999881818182,7.41047619047619,2172,7,47
"ERR594302.ERS490238","SGRP69837","aquatic",6.95999881818182,7.41047619047619,1843,7,47
"ERR598999.ERS492680","SGRP69837","aquatic",6.95999881818182,7.41047619047619,1211,7,47
"ERR599071.ERS491767","SGRP69837","aquatic",6.95999881818182,7.41047619047619,1893,7,47
"ERR598944.ERS494616","SGRP69837","aquatic",6.95999881818182,7.41047619047619,1989,7,47
"ERR599132.ERS491980","SGRP69837","aquatic",6.95999881818182,7.41047619047619,1499,7,47
"SRR4028175.SRS1386501","SGRP69837","aquatic",6.95999881818182,7.41047619047619,1798,7,47
"ERR599096.ERS492680","SGRP69837","aquatic",6.95999881818182,7.41047619047619,1236,7,47
"ERR598980.ERS493372","SGRP69837","aquatic",6.95999881818182,7.41047619047619,2296,7,47
"ERR594305.ERS492684","SGRP69837","aquatic",6.95999881818182,7.41047619047619,1343,7,47
"ERR1897291.ERS1627729","SGRP251514","aquatic;lake",7.47272727272727,7.97904761904762,1602,7,47
"ERR1897407.ERS1627845","SGRP251514","aquatic;lake",7.47272727272727,7.97904761904762,1639,7,47
"ERR1897486.ERS1627924","SGRP251514","aquatic;lake",7.47272727272727,7.97904761904762,1361,7,47
"ERR1896703.ERS1627141","SGRP251514","aquatic;lake",7.47272727272727,7.97904761904762,1825,7,47
"ERR1897470.ERS1627908","SGRP251514","aquatic;lake",7.47272727272727,7.97904761904762,1765,7,47
"ERR1897126.ERS1627564","SGRP251514","aquatic;lake",7.47272727272727,7.97904761904762,1670,7,47
"ERR1897238.ERS1627676","SGRP251514","aquatic;lake",7.47272727272727,7.97904761904762,1241,7,47
"ERR1897259.ERS1627697","SGRP251514","aquatic;lake",7.47272727272727,7.97904761904762,1495,7,47
"ERR1896673.ERS1627111","SGRP251514","aquatic;lake",7.47272727272727,7.97904761904762,1313,7,47
"ERR1896662.ERS1627100","SGRP251514","aquatic;lake",7.47272727272727,7.97904761904762,1296,7,47
"ERR1896692.ERS1627130","SGRP251514","aquatic;lake",7.47272727272727,7.97904761904762,1370,7,47
"ERR1897284.ERS1627722","SGRP251514","aquatic;lake",7.47272727272727,7.97904761904762,1726,7,47
"ERR1896661.ERS1627099","SGRP251514","aquatic;lake",7.47272727272727,7.97904761904762,1541,7,47
"ERR1896640.ERS1627078","SGRP251514","aquatic;lake",7.47272727272727,7.97904761904762,1396,7,47
"ERR1897216.ERS1627654","SGRP251514","aquatic;lake",7.47272727272727,7.97904761904762,1253,7,47
"ERR1896639.ERS1627077","SGRP251514","aquatic;lake",7.47272727272727,7.97904761904762,1251,7,47
"ERR1897274.ERS1627712","SGRP251514","aquatic;lake",7.47272727272727,7.97904761904762,1299,7,47
"ERR1897386.ERS1627824","SGRP251514","aquatic;lake",7.47272727272727,7.97904761904762,1306,7,47
"ERR1531084.ERS1248248","SGRP302248","aquatic",8.23333333333333,8.71666666666667,1338,8,21
"ERR392316.ERS387026","SGRP302248","aquatic",8.23333333333333,8.71666666666667,1113,8,21
"ERR1531083.ERS1248247","SGRP302248","aquatic",8.23333333333333,8.71666666666667,1164,8,21
"ERR392346.ERS387056","SGRP302248","aquatic",8.23333333333333,8.71666666666667,1175,8,21
"ERR1531064.ERS1248228","SGRP302248","aquatic",8.23333333333333,8.71666666666667,1202,8,21
"ERR392340.ERS387050","SGRP302248","aquatic",8.23333333333333,8.71666666666667,1285,8,21
"ERR1897050.ERS1627488","SGRP251465","aquatic;lake",8.23888888888889,8.13277777777778,673,8,21
"SRR6029405.SRS2508860","SGRP219912","aquatic;estuary",8.25,7.65714285714286,1044,8,21
"SRR6029417.SRS2508846","SGRP219912","aquatic;estuary",8.25,7.65714285714286,2025,8,21
"SRR6029497.SRS2508766","SGRP219912","aquatic;estuary",8.25,7.65714285714286,1286,8,21
"SRR6029499.SRS2508764","SGRP219912","aquatic;estuary",8.25,7.65714285714286,1514,8,21
"SRR6029550.SRS2508713","SGRP219912","aquatic;estuary",8.25,7.65714285714286,1265,8,21
"SRR6029556.SRS2508706","SGRP219912","aquatic;estuary",8.25,7.65714285714286,2058,8,21
"SRR6029460.SRS2508803","SGRP219912","aquatic;estuary",8.25,7.65714285714286,884,8,21
"SRR6029526.SRS2508737","SGRP219912","aquatic;estuary",8.25,7.65714285714286,1323,8,21
"SRR6029493.SRS2508770","SGRP219912","aquatic;estuary",8.25,7.65714285714286,1356,8,21
"SRR6029453.SRS2508812","SGRP219912","aquatic;estuary",8.25,7.65714285714286,1613,8,21
"SRR6029476.SRS2508787","SGRP219912","aquatic;estuary",8.25,7.65714285714286,1376,8,21
"SRR6029403.SRS2508858","SGRP219912","aquatic;estuary",8.25,7.65714285714286,620,8,21
"SRR6029424.SRS2508838","SGRP219912","aquatic;estuary",8.25,7.65714285714286,612,8,21
"SRR6029409.SRS2508852","SGRP219912","aquatic;estuary",8.25,7.65714285714286,2146,8,21
"SRR1552722.SRS685771","SGRP322192","aquatic;lake",8.51641791044776,7.63826666666667,2603,9,64
"SRR1552641.SRS685691","SGRP322192","aquatic;lake",8.51641791044776,7.63826666666667,2600,9,64
"SRR1552645.SRS685695","SGRP322192","aquatic;lake",8.51641791044776,7.63826666666667,2602,9,64
"SRR1552699.SRS685749","SGRP322192","aquatic;lake",8.51641791044776,7.63826666666667,2599,9,64
"SRR1552640.SRS685690","SGRP322192","aquatic;lake",8.51641791044776,7.63826666666667,2603,9,64
"SRR1552650.SRS685700","SGRP322192","aquatic;lake",8.51641791044776,7.63826666666667,2601,9,64
"SRR1552623.SRS685673","SGRP322192","aquatic;lake",8.51641791044776,7.63826666666667,2608,9,64
"SRR1552651.SRS685701","SGRP322192","aquatic;lake",8.51641791044776,7.63826666666667,2600,9,64
"SRR1552638.SRS685688","SGRP322192","aquatic;lake",8.51641791044776,7.63826666666667,2602,9,64
"SRR1552695.SRS685745","SGRP322192","aquatic;lake",8.51641791044776,7.63826666666667,2601,9,64
"SRR1552652.SRS685702","SGRP322192","aquatic;lake",8.51641791044776,7.63826666666667,2601,9,64
"SRR1552643.SRS685693","SGRP322192","aquatic;lake",8.51641791044776,7.63826666666667,2602,9,64
"SRR1552642.SRS685692","SGRP322192","aquatic;lake",8.51641791044776,7.63826666666667,2602,9,64
"SRR1552637.SRS685687","SGRP322192","aquatic;lake",8.51641791044776,7.63826666666667,2605,9,64
"SRR1552672.SRS685722","SGRP322192","aquatic;lake",8.51641791044776,7.63826666666667,2602,9,64
"SRR1552625.SRS685675","SGRP322192","aquatic;lake",8.51641791044776,7.63826666666667,2605,9,64
"SRR1552631.SRS685681","SGRP322192","aquatic;lake",8.51641791044776,7.63826666666667,2599,9,64
"SRR1552682.SRS685732","SGRP322192","aquatic;lake",8.51641791044776,7.63826666666667,2605,9,64
"SRR1552632.SRS685682","SGRP322192","aquatic;lake",8.51641791044776,7.63826666666667,2602,9,64
"SRR1552648.SRS685698","SGRP322192","aquatic;lake",8.51641791044776,7.63826666666667,2602,9,64
"SRR1552691.SRS685742","SGRP322192","aquatic;lake",8.51641791044776,7.63826666666667,2606,9,64
"SRR1552671.SRS685721","SGRP322192","aquatic;lake",8.51641791044776,7.63826666666667,2600,9,64
"SRR1552710.SRS685760","SGRP322192","aquatic;lake",8.51641791044776,7.63826666666667,2602,9,64
"SRR1552686.SRS685736","SGRP322192","aquatic;lake",8.51641791044776,7.63826666666667,2604,9,64
"SRR1552628.SRS685678","SGRP322192","aquatic;lake",8.51641791044776,7.63826666666667,2601,9,64
"SRR1552659.SRS685709","SGRP322192","aquatic;lake",8.51641791044776,7.63826666666667,2599,9,64
"SRR1552634.SRS685684","SGRP322192","aquatic;lake",8.51641791044776,7.63826666666667,2602,9,64
"SRR1552656.SRS685706","SGRP322192","aquatic;lake",8.51641791044776,7.63826666666667,2599,9,64
"SRR1552683.SRS685733","SGRP322192","aquatic;lake",8.51641791044776,7.63826666666667,2599,9,64
"SRR1552664.SRS685713","SGRP322192","aquatic;lake",8.51641791044776,7.63826666666667,2603,9,64
"SRR1552644.SRS685694","SGRP322192","aquatic;lake",8.51641791044776,7.63826666666667,2599,9,64
"SRR1552630.SRS685680","SGRP322192","aquatic;lake",8.51641791044776,7.63826666666667,2603,9,64
"SRR1552666.SRS685716","SGRP322192","aquatic;lake",8.51641791044776,7.63826666666667,2605,9,64
"SRR1552635.SRS685685","SGRP322192","aquatic;lake",8.51641791044776,7.63826666666667,2607,9,64
"SRR1552668.SRS685718","SGRP322192","aquatic;lake",8.51641791044776,7.63826666666667,2600,9,64
"SRR1552670.SRS685720","SGRP322192","aquatic;lake",8.51641791044776,7.63826666666667,2599,9,64
"SRR1552714.SRS685764","SGRP322192","aquatic;lake",8.51641791044776,7.63826666666667,2604,9,64
"SRR1552678.SRS685728","SGRP322192","aquatic;lake",8.51641791044776,7.63826666666667,2600,9,64
"SRR1552622.SRS685672","SGRP322192","aquatic;lake",8.51641791044776,7.63826666666667,2601,9,64
"SRR1552689.SRS685739","SGRP322192","aquatic;lake",8.51641791044776,7.63826666666667,2608,9,64
"SRR1552704.SRS685753","SGRP322192","aquatic;lake",8.51641791044776,7.63826666666667,2601,9,64
"SRR1552723.SRS685772","SGRP322192","aquatic;lake",8.51641791044776,7.63826666666667,2599,9,64
"SRR1552708.SRS685758","SGRP322192","aquatic;lake",8.51641791044776,7.63826666666667,2607,9,64
"SRR1552698.SRS685748","SGRP322192","aquatic;lake",8.51641791044776,7.63826666666667,2599,9,64
"SRR1552693.SRS685744","SGRP322192","aquatic;lake",8.51641791044776,7.63826666666667,2600,9,64
"SRR1552680.SRS685730","SGRP322192","aquatic;lake",8.51641791044776,7.63826666666667,2607,9,64
"SRR1552721.SRS685769","SGRP322192","aquatic;lake",8.51641791044776,7.63826666666667,2605,9,64
"SRR1552679.SRS685729","SGRP322192","aquatic;lake",8.51641791044776,7.63826666666667,2599,9,64
"SRR1552681.SRS685731","SGRP322192","aquatic;lake",8.51641791044776,7.63826666666667,2600,9,64
"SRR1552705.SRS685755","SGRP322192","aquatic;lake",8.51641791044776,7.63826666666667,2601,9,64
"SRR1552703.SRS685754","SGRP322192","aquatic;lake",8.51641791044776,7.63826666666667,2604,9,64
"SRR1552709.SRS685759","SGRP322192","aquatic;lake",8.51641791044776,7.63826666666667,2600,9,64
"SRR1552619.SRS685671","SGRP322192","aquatic;lake",8.51641791044776,7.63826666666667,2602,9,64
"SRR1552692.SRS685743","SGRP322192","aquatic;lake",8.51641791044776,7.63826666666667,2601,9,64
"SRR1552621.SRS685670","SGRP322192","aquatic;lake",8.51641791044776,7.63826666666667,2609,9,64
"SRR1552624.SRS685674","SGRP322192","aquatic;lake",8.51641791044776,7.63826666666667,2607,9,64
"SRR1552702.SRS685752","SGRP322192","aquatic;lake",8.51641791044776,7.63826666666667,2602,9,64
"SRR1552669.SRS685719","SGRP322192","aquatic;lake",8.51641791044776,7.63826666666667,2600,9,64
"SRR1552674.SRS685724","SGRP322192","aquatic;lake",8.51641791044776,7.63826666666667,2605,9,64
"SRR1552673.SRS685723","SGRP322192","aquatic;lake",8.51641791044776,7.63826666666667,2599,9,64
"SRR1552657.SRS685707","SGRP322192","aquatic;lake",8.51641791044776,7.63826666666667,2603,9,64
"SRR1552712.SRS685762","SGRP322192","aquatic;lake",8.51641791044776,7.63826666666667,2600,9,64
"SRR1552627.SRS685677","SGRP322192","aquatic;lake",8.51641791044776,7.63826666666667,2602,9,64
"SRR3286067.SRS1357092","SGRP215530","aquatic",9.43618162114286,6.58955617628571,6670,9,64
"ERR1531055.ERS1248219","SGRP302249","aquatic",10.54,8.846,1452,11,63
"ERR392334.ERS387044","SGRP302249","aquatic",10.54,8.846,1406,11,63
"SRR3742513.SRS1539745","SGRP333023","soil;field",10.9421052631579,8.32657894736842,1874,11,63
"SRR3742487.SRS1539720","SGRP333023","soil;field",10.9421052631579,8.32657894736842,1371,11,63
"SRR3742499.SRS1539731","SGRP333023","soil;field",10.9421052631579,8.32657894736842,1527,11,63
"SRR3742495.SRS1539728","SGRP333023","soil;field",10.9421052631579,8.32657894736842,1570,11,63
"SRR3742474.SRS1539707","SGRP333023","soil;field",10.9421052631579,8.32657894736842,1430,11,63
"SRR3742508.SRS1539740","SGRP333023","soil;field",10.9421052631579,8.32657894736842,1742,11,63
"ERR1653409.ERS1360016","SGRP374573","aquatic",11.0878787878788,7.66272727272727,1556,11,63
"ERR1653448.ERS1360055","SGRP374573","aquatic",11.0878787878788,7.66272727272727,1983,11,63
"ERR1653615.ERS1360222","SGRP374573","aquatic",11.0878787878788,7.66272727272727,1651,11,63
"ERR1653432.ERS1360039","SGRP374573","aquatic",11.0878787878788,7.66272727272727,1899,11,63
"ERR1653466.ERS1360073","SGRP374573","aquatic",11.0878787878788,7.66272727272727,1396,11,63
"ERR1653421.ERS1360028","SGRP374573","aquatic",11.0878787878788,7.66272727272727,1893,11,63
"ERR1653408.ERS1360015","SGRP374573","aquatic",11.0878787878788,7.66272727272727,1897,11,63
"ERR1653427.ERS1360034","SGRP374573","aquatic",11.0878787878788,7.66272727272727,1811,11,63
"ERR1653415.ERS1360022","SGRP374573","aquatic",11.0878787878788,7.66272727272727,1411,11,63
"ERR1653411.ERS1360018","SGRP374573","aquatic",11.0878787878788,7.66272727272727,1744,11,63
"ERR1653508.ERS1360115","SGRP374573","aquatic",11.0878787878788,7.66272727272727,1371,11,63
"ERR1653417.ERS1360024","SGRP374573","aquatic",11.0878787878788,7.66272727272727,1584,11,63
"ERR1653433.ERS1360040","SGRP374573","aquatic",11.0878787878788,7.66272727272727,1657,11,63
"ERR1653464.ERS1360071","SGRP374573","aquatic",11.0878787878788,7.66272727272727,1360,11,63
"ERR1653486.ERS1360093","SGRP374573","aquatic",11.0878787878788,7.66272727272727,1509,11,63
"ERR1653412.ERS1360019","SGRP374573","aquatic",11.0878787878788,7.66272727272727,1786,11,63
"ERR1653422.ERS1360029","SGRP374573","aquatic",11.0878787878788,7.66272727272727,1541,11,63
"ERR1653452.ERS1360059","SGRP374573","aquatic",11.0878787878788,7.66272727272727,1541,11,63
"ERR1653454.ERS1360061","SGRP374573","aquatic",11.0878787878788,7.66272727272727,1468,11,63
"ERR1653434.ERS1360041","SGRP374573","aquatic",11.0878787878788,7.66272727272727,1550,11,63
"ERR1653475.ERS1360082","SGRP374573","aquatic",11.0878787878788,7.66272727272727,1538,11,63
"ERR1653668.ERS1360275","SGRP374573","aquatic",11.0878787878788,7.66272727272727,1896,11,63
"ERR1653656.ERS1360263","SGRP374573","aquatic",11.0878787878788,7.66272727272727,1928,11,63
"ERR1653506.ERS1360113","SGRP374573","aquatic",11.0878787878788,7.66272727272727,1411,11,63
"ERR1653445.ERS1360052","SGRP374573","aquatic",11.0878787878788,7.66272727272727,1520,11,63
"ERR1653564.ERS1360171","SGRP374573","aquatic",11.0878787878788,7.66272727272727,1535,11,63
"ERR1653481.ERS1360088","SGRP374573","aquatic",11.0878787878788,7.66272727272727,1610,11,63
"ERR1653462.ERS1360069","SGRP374573","aquatic",11.0878787878788,7.66272727272727,1658,11,63
"ERR1653477.ERS1360084","SGRP374573","aquatic",11.0878787878788,7.66272727272727,1713,11,63
"ERR1653438.ERS1360045","SGRP374573","aquatic",11.0878787878788,7.66272727272727,1771,11,63
"ERR1653591.ERS1360198","SGRP374573","aquatic",11.0878787878788,7.66272727272727,1368,11,63
"ERR1653440.ERS1360047","SGRP374573","aquatic",11.0878787878788,7.66272727272727,2323,11,63
"ERR1653476.ERS1360083","SGRP374573","aquatic",11.0878787878788,7.66272727272727,1416,11,63
"ERR1653634.ERS1360241","SGRP374573","aquatic",11.0878787878788,7.66272727272727,1349,11,63
"ERR1653489.ERS1360096","SGRP374573","aquatic",11.0878787878788,7.66272727272727,1416,11,63
"ERR1653435.ERS1360042","SGRP374573","aquatic",11.0878787878788,7.66272727272727,1626,11,63
"ERR1653468.ERS1360075","SGRP374573","aquatic",11.0878787878788,7.66272727272727,1608,11,63
"ERR1653444.ERS1360051","SGRP374573","aquatic",11.0878787878788,7.66272727272727,1528,11,63
"ERR1653442.ERS1360049","SGRP374573","aquatic",11.0878787878788,7.66272727272727,1669,11,63
"ERR1653644.ERS1360251","SGRP374573","aquatic",11.0878787878788,7.66272727272727,1898,11,63
"ERR1653423.ERS1360030","SGRP374573","aquatic",11.0878787878788,7.66272727272727,1557,11,63
"ERR1653416.ERS1360023","SGRP374573","aquatic",11.0878787878788,7.66272727272727,1824,11,63
"ERR1653635.ERS1360242","SGRP374573","aquatic",11.0878787878788,7.66272727272727,1406,11,63
"ERR1653623.ERS1360230","SGRP374573","aquatic",11.0878787878788,7.66272727272727,1695,11,63
"ERR1653573.ERS1360180","SGRP374566","aquatic",11.1,7.75153846153846,1408,11,63
"ERR1653443.ERS1360050","SGRP374566","aquatic",11.1,7.75153846153846,1632,11,63
"ERR1653451.ERS1360058","SGRP374566","aquatic",11.1,7.75153846153846,1794,11,63
"ERR1653413.ERS1360020","SGRP374566","aquatic",11.1,7.75153846153846,1485,11,63
"ERR1653474.ERS1360081","SGRP374566","aquatic",11.1,7.75153846153846,1370,11,63
"ERR1653419.ERS1360026","SGRP374566","aquatic",11.1,7.75153846153846,1519,11,63
"ERR1653420.ERS1360027","SGRP374574","aquatic",11.275,7.85,1671,11,63
"ERR1653431.ERS1360038","SGRP374574","aquatic",11.275,7.85,1658,11,63
"ERR1653661.ERS1360268","SGRP374574","aquatic",11.275,7.85,1435,11,63
"ERR1653418.ERS1360025","SGRP374574","aquatic",11.275,7.85,1472,11,63
"ERR1418011.ERS1164955","SGRP366315","aquatic;estuary",11.4,7.93666666666667,1357,11,63
"SRR1697810.SRS783025","SGRP6428","aquatic",11.5928333333333,8.2144,983,12,17
"SRR5884574.SRS2397162","SGRP9971","aquatic;lake",11.975,8.625,2157,12,17
"SRR3989431.SRS1593881","SGRP9971","aquatic;lake",11.975,8.625,1970,12,17
"SRR2126965.SRS1011102","SGRP9971","aquatic;lake",11.975,8.625,1066,12,17
"SRR2126924.SRS1011102","SGRP9971","aquatic;lake",11.975,8.625,1207,12,17
"SRR1623095.SRS728473","SGRP224326","aquatic",12.3,6.88076923076923,1117,12,17
"SRR1623088.SRS728466","SGRP224326","aquatic",12.3,6.88076923076923,1054,12,17
"SRR5486628.SRS2153160","SGRP224326","aquatic",12.3,6.88076923076923,971,12,17
"SRR5486642.SRS2153174","SGRP224326","aquatic",12.3,6.88076923076923,1036,12,17
"SRR1623101.SRS728479","SGRP224326","aquatic",12.3,6.88076923076923,1090,12,17
"SRR1623120.SRS728498","SGRP224326","aquatic",12.3,6.88076923076923,1052,12,17
"SRR1623138.SRS728516","SGRP224326","aquatic",12.3,6.88076923076923,1128,12,17
"SRR1623099.SRS728477","SGRP224326","aquatic",12.3,6.88076923076923,1204,12,17
"SRR1623123.SRS728501","SGRP224326","aquatic",12.3,6.88076923076923,1443,12,17
"SRR10256607.SRS5499992","SGRP7865","aquatic",12.5,7.52,1157,12,17
"SRR10256608.SRS5499991","SGRP7865","aquatic",12.5,7.52,1058,12,17
"SRR10256609.SRS5499990","SGRP7865","aquatic",12.5,7.52,1025,12,17
"ERR1669463.ERS1381072","SGRP223762","aquatic",12.7,8.3,1286,13,16
"ERR1669428.ERS1381037","SGRP223762","aquatic",12.7,8.3,1147,13,16
"ERR1520160.ERS1238492","SGRP223762","aquatic",12.7,8.3,1535,13,16
"ERR1669469.ERS1381078","SGRP223762","aquatic",12.7,8.3,1499,13,16
"ERR1669426.ERS1381035","SGRP223762","aquatic",12.7,8.3,1057,13,16
"ERR1669412.ERS1381021","SGRP223762","aquatic",12.7,8.3,1439,13,16
"ERR1520153.ERS1238485","SGRP223762","aquatic",12.7,8.3,2205,13,16
"ERR1669414.ERS1381023","SGRP223762","aquatic",12.7,8.3,1192,13,16
"ERR1520195.ERS1238527","SGRP223762","aquatic",12.7,8.3,1907,13,16
"ERR1520148.ERS1238480","SGRP223762","aquatic",12.7,8.3,1823,13,16
"SRR3607779.SRS1254264","SGRP402865","soil;forest",13,4.84166666666667,741,13,16
"SRR3607778.SRS1254263","SGRP402865","soil;forest",13,4.84166666666667,720,13,16
"ERR2604400.ERS2518439","SGRP72223","aquatic",13,7,710,13,16
"SRR6312496.SRS2701545","SGRP72223","aquatic",13,7,645,13,16
"ERR2097662.ERS1875804","SGRP132216","aquatic;lake",13.0175026469333,8.10533333333333,818,13,16
"ERR2097664.ERS1875806","SGRP132216","aquatic;lake",13.0175026469333,8.10533333333333,661,13,16
"SRR1957229.SRS897336","SGRP281542","aquatic;river",13.6166666666667,8.75,970,14,27
"SRR1957210.SRS897355","SGRP281542","aquatic;river",13.6166666666667,8.75,954,14,27
"SRR1957211.SRS897354","SGRP281542","aquatic;river",13.6166666666667,8.75,950,14,27
"ERR2604097.ERS2519974","SGRP127602","aquatic",14.1357736842105,8.217625,1048,14,27
"ERR2604077.ERS2519954","SGRP127602","aquatic",14.1357736842105,8.217625,838,14,27
"ERR2604109.ERS2519986","SGRP127602","aquatic",14.1357736842105,8.217625,922,14,27
"ERR2604105.ERS2519982","SGRP127602","aquatic",14.1357736842105,8.217625,1005,14,27
"ERR2604071.ERS2519948","SGRP127602","aquatic",14.1357736842105,8.217625,945,14,27
"ERR2604073.ERS2519950","SGRP127602","aquatic",14.1357736842105,8.217625,905,14,27
"ERR2604084.ERS2519961","SGRP127602","aquatic",14.1357736842105,8.217625,963,14,27
"SRR5877443.SRS2392535","SGRP127602","aquatic",14.1357736842105,8.217625,1328,14,27
"SRR5877433.SRS2392524","SGRP127602","aquatic",14.1357736842105,8.217625,1537,14,27
"ERR2604110.ERS2519987","SGRP127602","aquatic",14.1357736842105,8.217625,801,14,27
"ERR2604106.ERS2519983","SGRP127602","aquatic",14.1357736842105,8.217625,1184,14,27
"SRR5877432.SRS2392523","SGRP127602","aquatic",14.1357736842105,8.217625,2118,14,27
"SRR3407091.SRS1405673","SGRP127602","aquatic",14.1357736842105,8.217625,1368,14,27
"ERR2604086.ERS2519963","SGRP127602","aquatic",14.1357736842105,8.217625,1190,14,27
"ERR2604108.ERS2519985","SGRP127602","aquatic",14.1357736842105,8.217625,1025,14,27
"SRR3405540.SRS1404797","SGRP127602","aquatic",14.1357736842105,8.217625,1552,14,27
"ERR2604085.ERS2519962","SGRP127602","aquatic",14.1357736842105,8.217625,871,14,27
"ERR2604083.ERS2519960","SGRP127602","aquatic",14.1357736842105,8.217625,856,14,27
"ERR2604098.ERS2519975","SGRP127602","aquatic",14.1357736842105,8.217625,1025,14,27
"ERR2604072.ERS2519949","SGRP127602","aquatic",14.1357736842105,8.217625,971,14,27
"ERR2604096.ERS2519973","SGRP127602","aquatic",14.1357736842105,8.217625,931,14,27
"ERR2604107.ERS2519984","SGRP127602","aquatic",14.1357736842105,8.217625,1259,14,27
"ERR2604088.ERS2519965","SGRP127602","aquatic",14.1357736842105,8.217625,826,14,27
"ERR2604087.ERS2519964","SGRP127602","aquatic",14.1357736842105,8.217625,1108,14,27
"SRR1617000.SRS717613","SGRP293248","aquatic",14.53,7.945,2439,15,38
"SRR1605847.SRS717701","SGRP293248","aquatic",14.53,7.945,1514,15,38
"SRR1614618.SRS723388","SGRP293248","aquatic",14.53,7.945,851,15,38
"SRR1605713.SRS717634","SGRP293248","aquatic",14.53,7.945,1911,15,38
"SRR1617409.SRS717611","SGRP293248","aquatic",14.53,7.945,2452,15,38
"SRR1605496.SRS717609","SGRP293248","aquatic",14.53,7.945,2476,15,38
"DRR153038.DRS076183","SGRP38576","aquatic",14.58,8.04,657,15,38
"DRR153034.DRS076179","SGRP38576","aquatic",14.58,8.04,596,15,38
"SRR6424907.SRS2792083","SGRP22427","aquatic",14.975,7.03333333333333,2287,15,38
"ERR1780701.ERS1500338","SGRP22427","aquatic",14.975,7.03333333333333,976,15,38
"SRR6004937.SRS2491198","SGRP22427","aquatic",14.975,7.03333333333333,613,15,38
"SRR747730.SRS396674","SGRP312120","aquatic;waste water",15,7.804,969,15,38
"SRR747714.SRS396659","SGRP312120","aquatic;waste water",15,7.804,722,15,38
"SRR747735.SRS396679","SGRP312120","aquatic;waste water",15,7.804,746,15,38
"SRR747732.SRS396676","SGRP312120","aquatic;waste water",15,7.804,816,15,38
"SRR747727.SRS396671","SGRP312120","aquatic;waste water",15,7.804,690,15,38
"SRR747731.SRS396675","SGRP312120","aquatic;waste water",15,7.804,584,15,38
"SRR747733.SRS396677","SGRP312120","aquatic;waste water",15,7.804,734,15,38
"SRR747726.SRS396670","SGRP312120","aquatic;waste water",15,7.804,603,15,38
"ERR1668453.ERS1380062","SGRP94275","aquatic",15.0733333333333,8.155,547,15,38
"SRR2962470.SRS1181127","SGRP94275","aquatic",15.0733333333333,8.155,650,15,38
"ERR2204547.ERS2020183","SGRP6905","aquatic",15.14,8.19,653,15,38
"SRR5937042.SRS2433727","SGRP6905","aquatic",15.14,8.19,558,15,38
"SRR3742396.SRS1539632","SGRP332950","soil;field",15.2909090909091,4.84644444444444,583,15,38
"SRR3742399.SRS1539633","SGRP332950","soil;field",15.2909090909091,4.84644444444444,1437,15,38
"SRR3742383.SRS1539618","SGRP332950","soil;field",15.2909090909091,4.84644444444444,702,15,38
"SRR3742433.SRS1539666","SGRP332950","soil;field",15.2909090909091,4.84644444444444,534,15,38
"SRR3742386.SRS1539621","SGRP332950","soil;field",15.2909090909091,4.84644444444444,877,15,38
"SRR3742382.SRS1539617","SGRP332950","soil;field",15.2909090909091,4.84644444444444,666,15,38
"SRR3742450.SRS1539683","SGRP332950","soil;field",15.2909090909091,4.84644444444444,630,15,38
"SRR3742441.SRS1539674","SGRP332950","soil;field",15.2909090909091,4.84644444444444,775,15,38
"SRR3742395.SRS1539629","SGRP332950","soil;field",15.2909090909091,4.84644444444444,814,15,38
"SRR3742512.SRS1539744","SGRP332950","soil;field",15.2909090909091,4.84644444444444,739,15,38
"SRR3742464.SRS1539696","SGRP332950","soil;field",15.2909090909091,4.84644444444444,574,15,38
"SRR3742475.SRS1539708","SGRP332950","soil;field",15.2909090909091,4.84644444444444,1180,15,38
"SRR3742459.SRS1539691","SGRP332950","soil;field",15.2909090909091,4.84644444444444,560,15,38
"SRR7369415.SRS3438241","SGRP4311","aquatic;lake",15.41,5.92333333333333,644,15,38
"SRR7369369.SRS3438286","SGRP4311","aquatic;lake",15.41,5.92333333333333,710,15,38
"ERR1772224.ERS1490085","SGRP3194","aquatic",16.2142857142857,7.73716666666667,1549,16,1
"ERR1101467.ERS945857","SGRP79927","aquatic",17.061,7.7,860,17,24
"SRR3742438.SRS1539671","SGRP332952","soil;field",17.4518518518519,5.8503,870,17,24
"SRR3742469.SRS1539702","SGRP332952","soil;field",17.4518518518519,5.8503,1461,17,24
"SRR3742412.SRS1539646","SGRP332952","soil;field",17.4518518518519,5.8503,1174,17,24
"SRR3742444.SRS1539677","SGRP332952","soil;field",17.4518518518519,5.8503,924,17,24
"SRR3742414.SRS1539648","SGRP332952","soil;field",17.4518518518519,5.8503,1138,17,24
"SRR3742511.SRS1539743","SGRP332952","soil;field",17.4518518518519,5.8503,947,17,24
"SRR3742484.SRS1539716","SGRP332952","soil;field",17.4518518518519,5.8503,1328,17,24
"SRR3742424.SRS1539657","SGRP332952","soil;field",17.4518518518519,5.8503,938,17,24
"SRR3742413.SRS1539647","SGRP332952","soil;field",17.4518518518519,5.8503,997,17,24
"SRR3742445.SRS1539678","SGRP332952","soil;field",17.4518518518519,5.8503,868,17,24
"SRR3742442.SRS1539675","SGRP332952","soil;field",17.4518518518519,5.8503,845,17,24
"SRR3742434.SRS1539667","SGRP332952","soil;field",17.4518518518519,5.8503,1278,17,24
"SRR3742423.SRS1539656","SGRP332952","soil;field",17.4518518518519,5.8503,1246,17,24
"SRR3742462.SRS1539694","SGRP332952","soil;field",17.4518518518519,5.8503,1129,17,24
"SRR3742473.SRS1539706","SGRP332952","soil;field",17.4518518518519,5.8503,863,17,24
"SRR3742425.SRS1539658","SGRP332952","soil;field",17.4518518518519,5.8503,1331,17,24
"SRR3742416.SRS1539650","SGRP332952","soil;field",17.4518518518519,5.8503,1328,17,24
"SRR3742377.SRS1539612","SGRP332952","soil;field",17.4518518518519,5.8503,1657,17,24
"SRR3742456.SRS1539688","SGRP332952","soil;field",17.4518518518519,5.8503,1493,17,24
"SRR3742467.SRS1539700","SGRP332952","soil;field",17.4518518518519,5.8503,1049,17,24
"SRR3742420.SRS1539653","SGRP332952","soil;field",17.4518518518519,5.8503,1044,17,24
"SRR3742458.SRS1539690","SGRP332952","soil;field",17.4518518518519,5.8503,1030,17,24
"SRR3742457.SRS1539689","SGRP332952","soil;field",17.4518518518519,5.8503,875,17,24
"SRR1605895.SRS717731","SGRP293781","aquatic",17.689375,7.66354166666667,2376,18,33
"SRR1605495.SRS717608","SGRP293781","aquatic",17.689375,7.66354166666667,2972,18,33
"SRR1605899.SRS717736","SGRP293781","aquatic",17.689375,7.66354166666667,1913,18,33
"SRR1605096.SRS706847","SGRP293781","aquatic",17.689375,7.66354166666667,3213,18,33
"SRR1605842.SRS717696","SGRP293781","aquatic",17.689375,7.66354166666667,2084,18,33
"SRR1614620.SRS723390","SGRP293781","aquatic",17.689375,7.66354166666667,2798,18,33
"SRR1614623.SRS723393","SGRP293781","aquatic",17.689375,7.66354166666667,2581,18,33
"SRR1605743.SRS717644","SGRP293781","aquatic",17.689375,7.66354166666667,2512,18,33
"SRR1605841.SRS717695","SGRP293781","aquatic",17.689375,7.66354166666667,2162,18,33
"SRR1614624.SRS723394","SGRP293781","aquatic",17.689375,7.66354166666667,1965,18,33
"SRR1605769.SRS717655","SGRP293781","aquatic",17.689375,7.66354166666667,2937,18,33
"SRR1605491.SRS717604","SGRP293781","aquatic",17.689375,7.66354166666667,2304,18,33
"SRR1612105.SRS717676","SGRP293781","aquatic",17.689375,7.66354166666667,3233,18,33
"SRR1605730.SRS717639","SGRP293781","aquatic",17.689375,7.66354166666667,2222,18,33
"SRR1605126.SRS708002","SGRP293781","aquatic",17.689375,7.66354166666667,2729,18,33
"SRR1605824.SRS717682","SGRP293781","aquatic",17.689375,7.66354166666667,1774,18,33
"SRR1605487.SRS717600","SGRP293781","aquatic",17.689375,7.66354166666667,2645,18,33
"SRR1605887.SRS717724","SGRP293781","aquatic",17.689375,7.66354166666667,2479,18,33
"SRR1605488.SRS717601","SGRP293781","aquatic",17.689375,7.66354166666667,1991,18,33
"SRR1605124.SRS707998","SGRP293781","aquatic",17.689375,7.66354166666667,2819,18,33
"SRR1605838.SRS717694","SGRP293781","aquatic",17.689375,7.66354166666667,3028,18,33
"SRR1605848.SRS717702","SGRP293781","aquatic",17.689375,7.66354166666667,2037,18,33
"SRR1605490.SRS717603","SGRP293781","aquatic",17.689375,7.66354166666667,2241,18,33
"SRR1605125.SRS708001","SGRP293781","aquatic",17.689375,7.66354166666667,1958,18,33
"SRR1605492.SRS717605","SGRP293781","aquatic",17.689375,7.66354166666667,2450,18,33
"SRR1614628.SRS723398","SGRP293781","aquatic",17.689375,7.66354166666667,3265,18,33
"SRR1605805.SRS717677","SGRP293781","aquatic",17.689375,7.66354166666667,1853,18,33
"SRR1605098.SRS707992","SGRP293781","aquatic",17.689375,7.66354166666667,2917,18,33
"SRR1605489.SRS708003","SGRP293781","aquatic",17.689375,7.66354166666667,1811,18,33
"SRR1617408.SRS717612","SGRP293781","aquatic",17.689375,7.66354166666667,2539,18,33
"SRR1605844.SRS717698","SGRP293781","aquatic",17.689375,7.66354166666667,1855,18,33
"SRR3742429.SRS1539662","SGRP333055","soil;field",18.4857142857143,7.21007142857143,1600,18,33
"SRR3742465.SRS1539699","SGRP333055","soil;field",18.4857142857143,7.21007142857143,1537,18,33
"SRR6231183.SRS2635482","SGRP189446","aquatic;waste water",18.9459459459459,2.96864864864865,1776,19,46
"SRR6231201.SRS2635504","SGRP189446","aquatic;waste water",18.9459459459459,2.96864864864865,1545,19,46
"SRR6231160.SRS2635535","SGRP189446","aquatic;waste water",18.9459459459459,2.96864864864865,1321,19,46
"SRR6231162.SRS2635453","SGRP189446","aquatic;waste water",18.9459459459459,2.96864864864865,1354,19,46
"SRR6231177.SRS2635468","SGRP189446","aquatic;waste water",18.9459459459459,2.96864864864865,1565,19,46
"SRR6231178.SRS2635465","SGRP189446","aquatic;waste water",18.9459459459459,2.96864864864865,1747,19,46
"SRR6231167.SRS2635460","SGRP189446","aquatic;waste water",18.9459459459459,2.96864864864865,1588,19,46
"SRR6231213.SRS2635488","SGRP189446","aquatic;waste water",18.9459459459459,2.96864864864865,2082,19,46
"SRR6231191.SRS2635478","SGRP189446","aquatic;waste water",18.9459459459459,2.96864864864865,1971,19,46
"SRR6231185.SRS2635476","SGRP189446","aquatic;waste water",18.9459459459459,2.96864864864865,2166,19,46
"SRR6231190.SRS2635477","SGRP189446","aquatic;waste water",18.9459459459459,2.96864864864865,2164,19,46
"SRR6231155.SRS2635537","SGRP189446","aquatic;waste water",18.9459459459459,2.96864864864865,1338,19,46
"SRR6231200.SRS2635503","SGRP189446","aquatic;waste water",18.9459459459459,2.96864864864865,1380,19,46
"SRR6231179.SRS2635466","SGRP189446","aquatic;waste water",18.9459459459459,2.96864864864865,1484,19,46
"SRR6231211.SRS2635501","SGRP189446","aquatic;waste water",18.9459459459459,2.96864864864865,1867,19,46
"SRR6231151.SRS2635526","SGRP189446","aquatic;waste water",18.9459459459459,2.96864864864865,1366,19,46
"SRR6231199.SRS2635506","SGRP189446","aquatic;waste water",18.9459459459459,2.96864864864865,1786,19,46
"SRR6231194.SRS2635509","SGRP189446","aquatic;waste water",18.9459459459459,2.96864864864865,1697,19,46
"SRR6231195.SRS2635511","SGRP189446","aquatic;waste water",18.9459459459459,2.96864864864865,1443,19,46
"SRR6231153.SRS2635540","SGRP189446","aquatic;waste water",18.9459459459459,2.96864864864865,1909,19,46
"SRR6231208.SRS2635498","SGRP189446","aquatic;waste water",18.9459459459459,2.96864864864865,1690,19,46
"SRR6231209.SRS2635497","SGRP189446","aquatic;waste water",18.9459459459459,2.96864864864865,2183,19,46
"SRR6231130.SRS2635521","SGRP189446","aquatic;waste water",18.9459459459459,2.96864864864865,1808,19,46
"SRR6231143.SRS2635530","SGRP189446","aquatic;waste water",18.9459459459459,2.96864864864865,1893,19,46
"SRR6231144.SRS2635527","SGRP189446","aquatic;waste water",18.9459459459459,2.96864864864865,1946,19,46
"SRR6231145.SRS2635528","SGRP189446","aquatic;waste water",18.9459459459459,2.96864864864865,1712,19,46
"SRR6231184.SRS2635475","SGRP189446","aquatic;waste water",18.9459459459459,2.96864864864865,1681,19,46
"SRR6231214.SRS2635485","SGRP189446","aquatic;waste water",18.9459459459459,2.96864864864865,1939,19,46
"SRR6231168.SRS2635457","SGRP189446","aquatic;waste water",18.9459459459459,2.96864864864865,1387,19,46
"SRR6231187.SRS2635474","SGRP189446","aquatic;waste water",18.9459459459459,2.96864864864865,1695,19,46
"SRR6231169.SRS2635458","SGRP189446","aquatic;waste water",18.9459459459459,2.96864864864865,1386,19,46
"SRR6231163.SRS2635454","SGRP189446","aquatic;waste water",18.9459459459459,2.96864864864865,1242,19,46
"SRR6231142.SRS2635529","SGRP189446","aquatic;waste water",18.9459459459459,2.96864864864865,1488,19,46
"SRR6231154.SRS2635536","SGRP189446","aquatic;waste water",18.9459459459459,2.96864864864865,1578,19,46
"SRR6231219.SRS2635490","SGRP189446","aquatic;waste water",18.9459459459459,2.96864864864865,1877,19,46
"SRR6231150.SRS2635525","SGRP189446","aquatic;waste water",18.9459459459459,2.96864864864865,1518,19,46
"SRR6231176.SRS2635467","SGRP189446","aquatic;waste water",18.9459459459459,2.96864864864865,1717,19,46
"SRR10097806.SRS5371941","SGRP120283","soil;forest",18.998634903,6.333,1210,19,46
"SRR1623115.SRS728493","SGRP224360","aquatic",19,7.124,1334,19,46
"SRR1957223.SRS897342","SGRP281535","aquatic",19.2,8.4575,3439,19,46
"SRR1957228.SRS897337","SGRP281535","aquatic",19.2,8.4575,2591,19,46
"SRR1957216.SRS897349","SGRP281535","aquatic",19.2,8.4575,1739,19,46
"SRR1957218.SRS897347","SGRP281535","aquatic",19.2,8.4575,2355,19,46
"SRR1957226.SRS897339","SGRP281535","aquatic",19.2,8.4575,3622,19,46
"SRR1957225.SRS897340","SGRP281535","aquatic",19.2,8.4575,2582,19,46
"SRR1957217.SRS897348","SGRP281535","aquatic",19.2,8.4575,3591,19,46
"SRR749063.SRS397552","SGRP254765","aquatic;river",19.6241935483871,7.79415094339623,1446,20,39
"SRR816274.SRS408583","SGRP254765","aquatic;river",19.6241935483871,7.79415094339623,1656,20,39
"SRR805453.SRS406387","SGRP254765","aquatic;river",19.6241935483871,7.79415094339623,1848,20,39
"SRR815918.SRS406399","SGRP254765","aquatic;river",19.6241935483871,7.79415094339623,2159,20,39
"SRR749511.SRS397564","SGRP254765","aquatic;river",19.6241935483871,7.79415094339623,1653,20,39
"SRR1033803.SRS504824","SGRP254765","aquatic;river",19.6241935483871,7.79415094339623,7831,20,39
"SRR816273.SRS408582","SGRP254765","aquatic;river",19.6241935483871,7.79415094339623,1406,20,39
"SRR807541.SRS406394","SGRP254765","aquatic;river",19.6241935483871,7.79415094339623,1487,20,39
"SRR807492.SRS406393","SGRP254765","aquatic;river",19.6241935483871,7.79415094339623,1633,20,39
"SRR816001.SRS406412","SGRP254765","aquatic;river",19.6241935483871,7.79415094339623,1568,20,39
"SRR747826.SRS396616","SGRP254765","aquatic;river",19.6241935483871,7.79415094339623,1436,20,39
"SRR807491.SRS406392","SGRP254765","aquatic;river",19.6241935483871,7.79415094339623,1519,20,39
"SRR816275.SRS408585","SGRP254765","aquatic;river",19.6241935483871,7.79415094339623,1632,20,39
"SRR816006.SRS406417","SGRP254765","aquatic;river",19.6241935483871,7.79415094339623,1458,20,39
"SRR816005.SRS406416","SGRP254765","aquatic;river",19.6241935483871,7.79415094339623,1362,20,39
"SRR805501.SRS406390","SGRP254765","aquatic;river",19.6241935483871,7.79415094339623,2047,20,39
"SRR805172.SRS406386","SGRP254765","aquatic;river",19.6241935483871,7.79415094339623,1556,20,39
"SRR816272.SRS408578","SGRP254765","aquatic;river",19.6241935483871,7.79415094339623,1483,20,39
"SRR807542.SRS406395","SGRP254765","aquatic;river",19.6241935483871,7.79415094339623,2077,20,39
"SRR805477.SRS406389","SGRP254765","aquatic;river",19.6241935483871,7.79415094339623,1480,20,39
"SRR816000.SRS406411","SGRP254765","aquatic;river",19.6241935483871,7.79415094339623,1496,20,39
"SRR805154.SRS406385","SGRP254765","aquatic;river",19.6241935483871,7.79415094339623,1965,20,39
"SRR807490.SRS406391","SGRP254765","aquatic;river",19.6241935483871,7.79415094339623,1775,20,39
"SRR805063.SRS406376","SGRP254765","aquatic;river",19.6241935483871,7.79415094339623,1333,20,39
"SRR816004.SRS406415","SGRP254765","aquatic;river",19.6241935483871,7.79415094339623,1682,20,39
"SRR3295207.SRS1361763","SGRP72151","aquatic;river",20,7.72333333333333,1423,20,39
"SRR3295206.SRS1361763","SGRP72151","aquatic;river",20,7.72333333333333,2516,20,39
"SRR7587398.SRS3591787","SGRP136595","aquatic;river",20.5,7.475,1878,20,39
"SRR7587426.SRS3591781","SGRP136595","aquatic;river",20.5,7.475,2290,20,39
"SRR7587423.SRS3591787","SGRP136595","aquatic;river",20.5,7.475,2226,20,39
"SRR7587393.SRS3591784","SGRP136595","aquatic;river",20.5,7.475,3485,20,39
"SRR7587411.SRS3591787","SGRP136595","aquatic;river",20.5,7.475,2798,20,39
"SRR7587420.SRS3591784","SGRP136595","aquatic;river",20.5,7.475,3621,20,39
"SRR7587402.SRS3591779","SGRP136595","aquatic;river",20.5,7.475,2420,20,39
"SRR7587424.SRS3591781","SGRP136595","aquatic;river",20.5,7.475,2283,20,39
"SRR7587425.SRS3591779","SGRP136595","aquatic;river",20.5,7.475,2057,20,39
"SRR7587417.SRS3591784","SGRP136595","aquatic;river",20.5,7.475,2776,20,39
"SRR7587419.SRS3591779","SGRP136595","aquatic;river",20.5,7.475,2877,20,39
"SRR7587392.SRS3591781","SGRP136595","aquatic;river",20.5,7.475,1621,20,39
"ERR2729871.ERS2640844","SGRP12564","aquatic;waste water",20.6,7.285,1066,21,24
"ERR2729873.ERS2640846","SGRP12564","aquatic;waste water",20.6,7.285,1047,21,24
"ERR2729869.ERS2640842","SGRP12564","aquatic;waste water",20.6,7.285,1203,21,24
"SRR3598097.SRS1470957","SGRP2695","aquatic",20.6944583333333,7.19769230769231,1671,21,24
"SRR7612666.SRS3602671","SGRP2695","aquatic",20.6944583333333,7.19769230769231,1039,21,24
"SRR7612617.SRS3602720","SGRP2695","aquatic",20.6944583333333,7.19769230769231,1161,21,24
"SRR3598122.SRS1470983","SGRP2695","aquatic",20.6944583333333,7.19769230769231,1143,21,24
"SRR7612619.SRS3602718","SGRP2695","aquatic",20.6944583333333,7.19769230769231,984,21,24
"SRR7612599.SRS3602738","SGRP2695","aquatic",20.6944583333333,7.19769230769231,1462,21,24
"SRR7612654.SRS3602682","SGRP2695","aquatic",20.6944583333333,7.19769230769231,1445,21,24
"SRR7612676.SRS3602661","SGRP2695","aquatic",20.6944583333333,7.19769230769231,1024,21,24
"SRR3598184.SRS1471027","SGRP2695","aquatic",20.6944583333333,7.19769230769231,1330,21,24
"SRR7612603.SRS3602734","SGRP2695","aquatic",20.6944583333333,7.19769230769231,1151,21,24
"SRR3113063.SRS1257479","SGRP2695","aquatic",20.6944583333333,7.19769230769231,1412,21,24
"SRR3113021.SRS1257521","SGRP2695","aquatic",20.6944583333333,7.19769230769231,1145,21,24
"SRR3598154.SRS1470997","SGRP2695","aquatic",20.6944583333333,7.19769230769231,1073,21,24
"SRR7293870.SRS3407172","SGRP2695","aquatic",20.6944583333333,7.19769230769231,1047,21,24
"SRR2077059.SRS970986","SGRP2695","aquatic",20.6944583333333,7.19769230769231,1870,21,24
"SRR3925013.SRS1565709","SGRP2695","aquatic",20.6944583333333,7.19769230769231,1323,21,24
"SRR5281921.SRS1999285","SGRP2695","aquatic",20.6944583333333,7.19769230769231,1132,21,24
"SRR7612671.SRS3602666","SGRP2695","aquatic",20.6944583333333,7.19769230769231,1065,21,24
"SRR2124995.SRS544878","SGRP2695","aquatic",20.6944583333333,7.19769230769231,2457,21,24
"SRR7612622.SRS3602714","SGRP2695","aquatic",20.6944583333333,7.19769230769231,1082,21,24
"SRR6473825.SRS2836026","SGRP15568","aquatic",20.8,6.84,1067,21,24
"ERR599097.ERS488599","SGRP238914","aquatic",22.5048907777778,8.01,1617,23,35
"ERR594298.ERS490603","SGRP238914","aquatic",22.5048907777778,8.01,1756,23,35
"SRR3295190.SRS1361757","SGRP347243","aquatic;river",23,7.96888888888889,1277,23,35
"SRR3295187.SRS1361759","SGRP347243","aquatic;river",23,7.96888888888889,1517,23,35
"SRR3295191.SRS1361757","SGRP347243","aquatic;river",23,7.96888888888889,1395,23,35
"SRR3295203.SRS1361764","SGRP347243","aquatic;river",23,7.96888888888889,1321,23,35
"SRR3295193.SRS1361760","SGRP347243","aquatic;river",23,7.96888888888889,1376,23,35
"SRR3295186.SRS1361759","SGRP347243","aquatic;river",23,7.96888888888889,1235,23,35
"SRR3295205.SRS1361764","SGRP347243","aquatic;river",23,7.96888888888889,1569,23,35
"SRR3295192.SRS1361757","SGRP347243","aquatic;river",23,7.96888888888889,1269,23,35
"SRR3295204.SRS1361764","SGRP347243","aquatic;river",23,7.96888888888889,1179,23,35
"SRR3305603.SRS1365004","SGRP16281","aquatic",23.0333333333333,8.4274,1613,23,35
"SRR6945345.SRS3126855","SGRP16281","aquatic",23.0333333333333,8.4274,1036,23,35
"SRR3305605.SRS1365002","SGRP16281","aquatic",23.0333333333333,8.4274,1720,23,35
"SRR3305604.SRS1365003","SGRP16281","aquatic",23.0333333333333,8.4274,2040,23,35
"SRR6945341.SRS3126856","SGRP16281","aquatic",23.0333333333333,8.4274,1106,23,35
"SRR6945336.SRS3126865","SGRP16281","aquatic",23.0333333333333,8.4274,1297,23,35
"SRR8790594.SRS4542057","SGRP27942","aquatic",23.0628042857143,8.07,1178,23,35
"SRR8790589.SRS4542062","SGRP27942","aquatic",23.0628042857143,8.07,1323,23,35
"SRR9003128.SRS4714678","SGRP27942","aquatic",23.0628042857143,8.07,1639,23,35
"SRR8790598.SRS4542065","SGRP27942","aquatic",23.0628042857143,8.07,1223,23,35
"ERR599126.ERS490542","SGRP27942","aquatic",23.0628042857143,8.07,1475,23,35
"ERR599006.ERS490659","SGRP27942","aquatic",23.0628042857143,8.07,1592,23,35
"SRR8790592.SRS4542063","SGRP27942","aquatic",23.0628042857143,8.07,1262,23,35
"SRR8790593.SRS4542058","SGRP27942","aquatic",23.0628042857143,8.07,1038,23,35
"ERR598984.ERS490433","SGRP27942","aquatic",23.0628042857143,8.07,1628,23,35
"SRR8790596.SRS4542059","SGRP27942","aquatic",23.0628042857143,8.07,1238,23,35
"SRR8790591.SRS4542064","SGRP27942","aquatic",23.0628042857143,8.07,1353,23,35
"SRR8790595.SRS4542060","SGRP27942","aquatic",23.0628042857143,8.07,1327,23,35
"SRR8790590.SRS4542061","SGRP27942","aquatic",23.0628042857143,8.07,1297,23,35
"SRR8790597.SRS4542066","SGRP27942","aquatic",23.0628042857143,8.07,1233,23,35
"SRR6078661.SRS2543009","SGRP241973","aquatic;lake",23.2093333333333,6.20333333333333,1069,23,35
"SRR6078671.SRS2542999","SGRP241973","aquatic;lake",23.2093333333333,6.20333333333333,1073,23,35
"SRR6078673.SRS2542997","SGRP241973","aquatic;lake",23.2093333333333,6.20333333333333,1098,23,35
"SRR6078670.SRS2543000","SGRP241973","aquatic;lake",23.2093333333333,6.20333333333333,1204,23,35
"SRR5557895.SRS2198739","SGRP234838","aquatic",24.0286666666667,8.10266666666667,1192,24,10
"SRR5557936.SRS2198698","SGRP234838","aquatic",24.0286666666667,8.10266666666667,1167,24,10
"SRR5557940.SRS2198694","SGRP234838","aquatic",24.0286666666667,8.10266666666667,1107,24,10
"SRR5557889.SRS2198745","SGRP234863","aquatic",24.0795,8.1444,1315,24,10
"SRR5557923.SRS2198711","SGRP234863","aquatic",24.0795,8.1444,1099,24,10
"SRR5557921.SRS2198713","SGRP234863","aquatic",24.0795,8.1444,1283,24,10
"SRR5557886.SRS2198749","SGRP234863","aquatic",24.0795,8.1444,1373,24,10
"SRR5557906.SRS2198728","SGRP234863","aquatic",24.0795,8.1444,1214,24,10
"SRR5557916.SRS2198718","SGRP234863","aquatic",24.0795,8.1444,1151,24,10
"SRR5557887.SRS2198748","SGRP234863","aquatic",24.0795,8.1444,1345,24,10
"SRR5557917.SRS2198717","SGRP234873","aquatic",24.554,8.15633333333333,1186,25,7
"SRR5557933.SRS2198701","SGRP234873","aquatic",24.554,8.15633333333333,1202,25,7
"SRR5557942.SRS2198692","SGRP234873","aquatic",24.554,8.15633333333333,1068,25,7
"SRR5557941.SRS2198693","SGRP234873","aquatic",24.554,8.15633333333333,1051,25,7
"SRR5557899.SRS2198734","SGRP234873","aquatic",24.554,8.15633333333333,1182,25,7
"SRR5557898.SRS2198736","SGRP234873","aquatic",24.554,8.15633333333333,969,25,7
"SRR2015541.SRS932499","SGRP7577","aquatic",25.2171129339569,7.67333333333333,952,25,7
"SRR9597740.SRS5025130","SGRP87965","aquatic",25.6,2.585,1043,26,4
"SRR5557900.SRS2198735","SGRP20607","aquatic",25.998,8.10266666666667,995,26,4
"SRR5557891.SRS2198743","SGRP20607","aquatic",25.998,8.10266666666667,1259,26,4
"SRR5557893.SRS2198740","SGRP20607","aquatic",25.998,8.10266666666667,1195,26,4
"ERR3770640.ERS4186764","SGRP111664","aquatic",26.9333333333333,8.20833333333333,801,27,29
"ERR3770642.ERS4186766","SGRP111664","aquatic",26.9333333333333,8.20833333333333,959,27,29
"ERR3770614.ERS4186738","SGRP111664","aquatic",26.9333333333333,8.20833333333333,880,27,29
"ERR3770618.ERS4186742","SGRP111664","aquatic",26.9333333333333,8.20833333333333,759,27,29
"ERR3770616.ERS4186740","SGRP111664","aquatic",26.9333333333333,8.20833333333333,882,27,29
"SRR3607862.SRS1254256","SGRP402866","soil",27,5.84625,862,27,29
"SRR3607866.SRS1254239","SGRP402866","soil",27,5.84625,790,27,29
"SRR3607900.SRS1254247","SGRP402866","soil",27,5.84625,958,27,29
"SRR3607864.SRS1254258","SGRP402866","soil",27,5.84625,1063,27,29
"SRR3607885.SRS1254240","SGRP402866","soil",27,5.84625,1042,27,29
"SRR3607897.SRS1254244","SGRP402866","soil",27,5.84625,859,27,29
"SRR3607863.SRS1254257","SGRP402866","soil",27,5.84625,947,27,29
"SRR3607899.SRS1254246","SGRP402866","soil",27,5.84625,1161,27,29
"SRR3607892.SRS1254243","SGRP402866","soil",27,5.84625,1282,27,29
"SRR3607908.SRS1254233","SGRP402866","soil",27,5.84625,981,27,29
"SRR3607859.SRS1254254","SGRP402866","soil",27,5.84625,763,27,29
"SRR3607907.SRS1254232","SGRP402866","soil",27,5.84625,1214,27,29
"SRR3607860.SRS1254253","SGRP402866","soil",27,5.84625,1072,27,29
"SRR3607888.SRS1254242","SGRP402866","soil",27,5.84625,1002,27,29
"SRR3607905.SRS1254230","SGRP402866","soil",27,5.84625,896,27,29
"SRR3607904.SRS1254229","SGRP402866","soil",27,5.84625,867,27,29
"ERR3770639.ERS4186763","SGRP111625","aquatic",27.4,8.20433333333333,973,27,29
"ERR3770641.ERS4186765","SGRP111625","aquatic",27.4,8.20433333333333,1216,27,29
"ERR3770637.ERS4186761","SGRP111625","aquatic",27.4,8.20433333333333,835,27,29
"ERR3770613.ERS4186737","SGRP111625","aquatic",27.4,8.20433333333333,1094,27,29
"ERR3770617.ERS4186741","SGRP111625","aquatic",27.4,8.20433333333333,901,27,29
"ERR3770615.ERS4186739","SGRP111625","aquatic",27.4,8.20433333333333,1072,27,29
"SRR3259412.SRS1338782","SGRP13921","aquatic",27.4151666666667,8.7245,723,27,29
"SRR8291553.SRS4115801","SGRP13921","aquatic",27.4151666666667,8.7245,822,27,29
"ERR599138.ERS489315","SGRP87121","aquatic",27.56391112,8.08,1178,28,49
"ERR599058.ERS489733","SGRP87121","aquatic",27.56391112,8.08,1725,28,49
"ERR599026.ERS489846","SGRP87121","aquatic",27.56391112,8.08,1409,28,49
"ERR599054.ERS489236","SGRP87121","aquatic",27.56391112,8.08,1190,28,49
"ERR599057.ERS489712","SGRP87121","aquatic",27.56391112,8.08,1544,28,49
"ERR599139.ERS489529","SGRP87121","aquatic",27.56391112,8.08,1185,28,49
"ERR599106.ERS488545","SGRP87121","aquatic",27.56391112,8.08,1507,28,49
"ERR599075.ERS489087","SGRP87121","aquatic",27.56391112,8.08,1190,28,49
"SRR7164733.SRS3300090","SGRP87121","aquatic",27.56391112,8.08,1174,28,49
"SRR7164732.SRS3300091","SGRP87121","aquatic",27.56391112,8.08,1390,28,49
"ERR599030.ERS493752","SGRP87121","aquatic",27.56391112,8.08,1669,28,49
"ERR599074.ERS489043","SGRP87121","aquatic",27.56391112,8.08,1407,28,49
"SRR7164731.SRS3300092","SGRP87121","aquatic",27.56391112,8.08,1225,28,49
"ERR599012.ERS489877","SGRP87121","aquatic",27.56391112,8.08,1432,28,49
"ERR3771007.ERS4187135","SGRP111660","aquatic",28,8.203,1334,28,49
"ERR3771005.ERS4187133","SGRP111660","aquatic",28,8.203,1446,28,49
"ERR3771009.ERS4187137","SGRP111660","aquatic",28,8.203,1389,28,49
"ERR3771003.ERS4187131","SGRP111660","aquatic",28,8.203,1240,28,49
"ERR3771020.ERS4187148","SGRP111622","aquatic",28.15,8.142,1582,28,49
"ERR3771016.ERS4187144","SGRP111622","aquatic",28.15,8.142,1605,28,49
"ERR3771012.ERS4187140","SGRP111622","aquatic",28.15,8.142,1590,28,49
"ERR3771022.ERS4187150","SGRP111622","aquatic",28.15,8.142,1692,28,49
"ERR3771060.ERS4187188","SGRP111622","aquatic",28.15,8.142,1525,28,49
"ERR3771066.ERS4187194","SGRP111622","aquatic",28.15,8.142,1376,28,49
"ERR3771064.ERS4187192","SGRP111622","aquatic",28.15,8.142,1433,28,49
"ERR3771018.ERS4187146","SGRP111622","aquatic",28.15,8.142,1789,28,49
"ERR3771014.ERS4187142","SGRP111622","aquatic",28.15,8.142,1709,28,49
"ERR3771068.ERS4187196","SGRP111622","aquatic",28.15,8.142,1387,28,49
"ERR3771062.ERS4187190","SGRP111622","aquatic",28.15,8.142,1432,28,49
"ERR3771019.ERS4187147","SGRP111629","aquatic",28.15,8.142,1918,28,49
"ERR3771061.ERS4187189","SGRP111629","aquatic",28.15,8.142,1752,28,49
"ERR3771067.ERS4187195","SGRP111629","aquatic",28.15,8.142,1691,28,49
"ERR3771021.ERS4187149","SGRP111629","aquatic",28.15,8.142,2130,28,49
"ERR3771065.ERS4187193","SGRP111629","aquatic",28.15,8.142,1666,28,49
"ERR3771011.ERS4187139","SGRP111629","aquatic",28.15,8.142,1982,28,49
"ERR3771059.ERS4187187","SGRP111629","aquatic",28.15,8.142,1799,28,49
"ERR3771063.ERS4187191","SGRP111629","aquatic",28.15,8.142,1723,28,49
"ERR3771069.ERS4187197","SGRP111629","aquatic",28.15,8.142,1326,28,49
"ERR3771017.ERS4187145","SGRP111629","aquatic",28.15,8.142,2197,28,49
"ERR3771013.ERS4187141","SGRP111629","aquatic",28.15,8.142,2091,28,49
"ERR3771015.ERS4187143","SGRP111629","aquatic",28.15,8.142,2016,28,49
"SRR7217040.SRS2729385","SGRP178629","aquatic;waste water",28.2,4.835,1681,28,49
"SRR7217035.SRS2729380","SGRP178629","aquatic;waste water",28.2,4.835,1587,28,49
"SRR7217034.SRS2729379","SGRP178629","aquatic;waste water",28.2,4.835,1322,28,49
"SRR7217037.SRS2729394","SGRP178629","aquatic;waste water",28.2,4.835,1456,28,49
"SRR7217020.SRS2740266","SGRP178629","aquatic;waste water",28.2,4.835,1477,28,49
"SRR7217036.SRS2729381","SGRP178629","aquatic;waste water",28.2,4.835,1734,28,49
"SRR7217041.SRS2729395","SGRP178629","aquatic;waste water",28.2,4.835,1594,28,49
"ERR3771033.ERS4187161","SGRP111683","aquatic",28.3,8.1,1220,28,49
"SRR2002406.SRS925663","SGRP329337","aquatic;sediment",28.6833333333333,7.36666666666667,1263,29,34
"SRR2002375.SRS925596","SGRP329337","aquatic;sediment",28.6833333333333,7.36666666666667,1022,29,34
"SRR2002410.SRS925695","SGRP329337","aquatic;sediment",28.6833333333333,7.36666666666667,863,29,34
"SRR2002423.SRS925700","SGRP329337","aquatic;sediment",28.6833333333333,7.36666666666667,740,29,34
"SRR2002417.SRS925697","SGRP329337","aquatic;sediment",28.6833333333333,7.36666666666667,803,29,34
"SRR2002421.SRS925698","SGRP329337","aquatic;sediment",28.6833333333333,7.36666666666667,873,29,34
"SRR2002301.SRS925645","SGRP329399","aquatic;sediment",28.7454545454545,7.30909090909091,903,29,34
"SRR2002304.SRS925642","SGRP329399","aquatic;sediment",28.7454545454545,7.30909090909091,758,29,34
"SRR2002302.SRS925644","SGRP329399","aquatic;sediment",28.7454545454545,7.30909090909091,922,29,34
"SRR2002300.SRS925648","SGRP329399","aquatic;sediment",28.7454545454545,7.30909090909091,1078,29,34
"SRR2002299.SRS925646","SGRP329399","aquatic;sediment",28.7454545454545,7.30909090909091,881,29,34
"SRR2002305.SRS925641","SGRP329399","aquatic;sediment",28.7454545454545,7.30909090909091,713,29,34
"SRR2002298.SRS925659","SGRP329399","aquatic;sediment",28.7454545454545,7.30909090909091,822,29,34
"SRR2002307.SRS925639","SGRP329399","aquatic;sediment",28.7454545454545,7.30909090909091,744,29,34
"SRR1593653.SRS713825","SGRP285942","aquatic",28.975,7.93,1098,29,34
"SRR1593656.SRS713829","SGRP285942","aquatic",28.975,7.93,796,29,34
"SRR1593660.SRS713833","SGRP285942","aquatic",28.975,7.93,1400,29,34
"SRR1593647.SRS713820","SGRP285942","aquatic",28.975,7.93,1256,29,34
"SRR1593655.SRS713828","SGRP285942","aquatic",28.975,7.93,1035,29,34
"SRR1593663.SRS713836","SGRP285942","aquatic",28.975,7.93,1279,29,34
"SRR1593662.SRS713835","SGRP285942","aquatic",28.975,7.93,1177,29,34
"SRR1593664.SRS713837","SGRP285942","aquatic",28.975,7.93,1290,29,34
"SRR1593650.SRS713823","SGRP285942","aquatic",28.975,7.93,1147,29,34
"SRR1593654.SRS713827","SGRP285942","aquatic",28.975,7.93,1209,29,34
"SRR1593652.SRS713824","SGRP285942","aquatic",28.975,7.93,1111,29,34
"SRR1593651.SRS713826","SGRP285942","aquatic",28.975,7.93,896,29,34
"SRR1593658.SRS713832","SGRP285942","aquatic",28.975,7.93,930,29,34
"SRR1593648.SRS713821","SGRP285942","aquatic",28.975,7.93,1277,29,34
"SRR1593646.SRS713819","SGRP285942","aquatic",28.975,7.93,1255,29,34
"SRR1593665.SRS713838","SGRP285942","aquatic",28.975,7.93,1044,29,34
"SRR1593657.SRS713830","SGRP285942","aquatic",28.975,7.93,837,29,34
"SRR1593661.SRS713834","SGRP285942","aquatic",28.975,7.93,1009,29,34
"SRR1593649.SRS713822","SGRP285942","aquatic",28.975,7.93,1379,29,34
"SRR1593659.SRS713831","SGRP285942","aquatic",28.975,7.93,899,29,34
"SRR6231181.SRS2635464","SGRP189450","aquatic;river",29.8333333333333,5.17333333333333,812,30,6
"SRR6231212.SRS2635487","SGRP189450","aquatic;river",29.8333333333333,5.17333333333333,937,30,6
"SRR6231215.SRS2635486","SGRP189450","aquatic;river",29.8333333333333,5.17333333333333,716,30,6
"SRR6231218.SRS2635489","SGRP189450","aquatic;river",29.8333333333333,5.17333333333333,1141,30,6
"SRR6231217.SRS2635493","SGRP189450","aquatic;river",29.8333333333333,5.17333333333333,955,30,6
"SRR6231216.SRS2635491","SGRP189450","aquatic;river",29.8333333333333,5.17333333333333,803,30,6
